linkId.Up,linkId.Down,detList.Down,distance
3668418284194376399,3668354121677942970,7315,0.10
3665059722847472375,3664892902022715995,7340,0.29
3663324659138044485,3663137480168308576,7397,0.37
3663360775518132995,3663137480168308576,7397,1.36
3663363859304629364,3663137480168308576,7397,1.05
3663370984655356198,3663137480168308576,7397,0.85
3663376602472566880,3663137480168308576,7397,0.69
3663377770703654747,3663137480168308576,7397,0.49
3661795208399041875,3661763189417855415,7403,0.05
3661904777309717504,3661763189417855415,7403,0.51
3663862139936112825,3663855869283848779,7422,0.05
3663867122098186700,3663855869283848779,7422,0.23
3663878954733111834,3663855869283848779,7422,0.60
3663913116903059736,3663895052270574356,7423,0.40
3663956178245204530,3663943271868469300,7424,0.08
3663967001562802405,3663943271868469300,7424,0.27
3664147540513187430,3664030335150600797,7425,0.18
3664186195218861795,3664030335150600797,7425,0.28
3674446872089138015,3673930904782972423,7432,0.05
3674473414987027115,3673930904782972423,7432,0.11
3674551042225934249,3673930904782972423,7432,0.36
3668351755149300129,3668140945269510159,7433,0.55
3668555851995204040,3668140945269510159,7433,0.75
3671312812978649620,3671183366959321784,7436,0.07
3671368776402513840,3671183366959321784,7436,0.23
3669783890520863945,3669988966619319291,7440,0.20
3669832488075817888,3669988966619319291,7440,0.15
3670725231387807135,3670650176834329666,7450,0.05
3672276736783771553,3672502501739654011,7452,0.55
3672394479017211570,3672502501739654011,7452,0.28
3670309293870171049,3670397830325960094,7455,0.52
3670316101393332250,3670397830325960094,7455,0.47
3670326014177844519,3670397830325960094,7455,0.45
3670334634177197445,3670397830325960094,7455,0.32
3670338929144488385,3670397830325960094,7455,0.22
3670345577753859396,3670397830325960094,7455,0.20
3670365600891384925,3670397830325960094,7455,0.15
3662975594260981530,3663269760866034791,7456,0.69
3663149699350257329,3663269760866034791,7456,0.25
3670352166232162550,3669903930560253950,7469,0.73
3669170848363883500,3669141187319741050,7470,0.05
3669192086977159865,3669141187319741050,7470,0.10
3670492053318408773,3670606192074262909,7471,0.54
3661741736056280144,3661567699686450974,7472,0.23
3661790505409939590,3661567699686450974,7472,0.36
3667555120320232399,3667470625428611899,7493,0.07
3668298862628572295,3668296560526114630,7495,0.02
3668298884103406889,3668296560526114630,7495,0.04
3668298862628572295,3668304918532465647,7496,0.02
3668298884103406889,3668304918532465647,7496,0.04
3668264678983895887,3668276713482249843,7497,0.08
3668270580268957104,3668276713482249843,7497,0.03
3668228790237189110,3668166581930895741,7498,0.06
3668259520728184345,3668166581930895741,7498,0.21
3668186635133229900,3668208492221813358,7499,0.15
3668287029993675306,3668286239719671669,7505,0.15
3668288640606406030,3668286239719671669,7505,0.05
3668288812405095524,3668286239719671669,7505,0.03
3669578071393866759,3669640709196800633,7510,1.21
3669619973094795705,3669640709196800633,7510,1.00
3669652709335513515,3669640709196800633,7510,0.96
3669653216141584210,3669640709196800633,7510,0.12
3669658155353981429,3669640709196800633,7510,0.15
3669661398054294430,3669640709196800633,7510,0.22
3669678058232460769,3669640709196800633,7510,0.71
3669694473597459609,3669640709196800633,7510,0.57
3669797277934680948,3669640709196800633,7510,0.86
3669906799600740742,3669640709196800633,7510,1.02
3674749946456375730,3675260854291066445,7517,0.24
3674446872089138015,3673930904782972423,7522,0.05
3674473414987027115,3673930904782972423,7522,0.11
3674551042225934249,3673930904782972423,7522,0.36
3667530664776444835,3667647578081218150,7525,0.14
3667555296413889264,3667647578081218150,7525,0.07
3668044342865083145,3668133308817655639,7526,0.06
3668327823591524728,3668539294896275965,7527,0.57
3668579710538522780,3668730442415782555,7528,0.11
3668644070623460860,3668730442415782555,7528,0.05
3669296819753099950,3669397472311680600,7529,0.09
3667823074739915120,3667663791582763781,7530,0.36
3668044622037959234,3667959590275428385,7531,0.06
3668645294689142375,3668555851995204040,7532,0.06
3669297957919435350,3668967434416208119,7534,0.09
3669499778432672255,3669397837383902740,7535,0.20
3669568197261696765,3669397837383902740,7535,0.37
3668358605623798280,3668292806724823269,7537,0.14
3668418284194376399,3668292806724823269,7537,0.24
3668525009836714134,3668476781648947675,7538,0.05
3668608014374676074,3668476781648947675,7538,0.33
3668997932980640710,3668861395970301830,7540,0.06
3669004929482365390,3668861395970301830,7540,0.09
3669019601090648920,3668861395970301830,7540,0.09
3669036067995261708,3668861395970301830,7540,0.12
3669090188878158465,3668861395970301830,7540,0.30
3669162129580366982,3668861395970301830,7540,0.41
3669092237577557355,3669035449519970585,7542,0.19
3669135943164752900,3669035449519970585,7542,0.23
3668984296459474075,3669048506220548315,7544,0.21
3669035191821930940,3669048506220548315,7544,0.04
3669090596900014215,3669137596727156909,7545,0.35
3669121645218611612,3669137596727156909,7545,0.14
3669080525201672230,3669084283298074860,7546,0.18
3669081006238014928,3669084283298074860,7546,0.13
3669083252505917365,3669084283298074860,7546,0.04
3669083273980751220,3669084283298074860,7546,0.06
3669088208898170591,3669084283298074860,7546,0.13
3669097705070856400,3669084283298074860,7546,0.19
3669105573450938588,3669084283298074860,7546,0.22
3669110358044451051,3669084283298074860,7546,0.92
3669115610789439629,3669084283298074860,7546,1.03
3669116452603093105,3669084283298074860,7546,0.33
3669117376021024665,3669084283298074860,7546,0.71
3669121628038613765,3669084283298074860,7546,1.09
3669125738322359181,3669084283298074860,7546,0.66
3669126953798053490,3669084283298074860,7546,1.20
3669129062627061225,3669084283298074860,7546,0.52
3669131871535600799,3669084283298074860,7546,1.24
3669136845107722572,3669084283298074860,7546,1.35
3669141256039128865,3669084283298074860,7546,1.39
3669142329780950900,3669084283298074860,7546,1.40
3669184068273108095,3669084283298074860,7546,1.89
3669361201314301884,3669084283298074860,7546,2.26
3669439498568091870,3669084283298074860,7546,2.29
3669462322024295464,3669084283298074860,7546,2.45
3669499782729032263,3669084283298074860,7546,2.73
3669520437226743595,3669084283298074860,7546,2.79
3669525677086840850,3669084283298074860,7546,2.82
3669547598599903923,3669084283298074860,7546,3.15
3669554775489997150,3669084283298074860,7546,5.93
3669567484298283152,3669084283298074860,7546,5.65
3669569610306998326,3669084283298074860,7546,6.51
3669571139315636340,3669084283298074860,7546,3.21
3669592313504284114,3669084283298074860,7546,4.70
3669598206199515197,3669084283298074860,7546,3.62
3669604957888054297,3669084283298074860,7546,4.29
3669644557486274356,3669084283298074860,7546,6.85
3669743324554183629,3669084283298074860,7546,7.20
3669830190267730735,3669084283298074860,7546,7.26
3669844299234917522,3669084283298074860,7546,11.92
3669849990066961094,3669084283298074860,7546,7.31
3669852927824322439,3669084283298074860,7546,10.89
3669880162211772803,3669084283298074860,7546,12.37
3669899553989433429,3669084283298074860,7546,9.58
3669902423027691693,3669084283298074860,7546,7.73
3669265114306088549,3669221400128952540,7549,0.11
3669437394034261675,3669511460745280650,7553,0.10
3669784470341450615,3669721226948017505,7554,0.04
3669822158679472750,3669721226948017505,7554,0.15
3669568755609008765,3669717786679211704,7555,0.20
3669585334182771075,3669717786679211704,7555,0.18
3669628971050498220,3669717786679211704,7555,0.14
3670131812936624276,3669977675150298889,7556,0.11
3670342098830358707,3670305041852563838,7557,0.28
3670343138212454080,3670305041852563838,7557,0.18
3670345122487353084,3670305041852563838,7557,0.07
3670351547758401894,3670305041852563838,7557,0.36
3670375178668454795,3670305041852563838,7557,0.51
3670395708612121255,3670305041852563838,7557,0.56
3670280255596291606,3670298985948664539,7558,0.08
3670431700438028120,3670420387494189571,7559,0.14
3670519914771251662,3670428702550828930,7560,0.58
3670648372948052979,3671006732134312579,7562,0.43
3670675525731290003,3671006732134312579,7562,0.33
3670701145211206981,3671006732134312579,7562,0.26
3670723732444214833,3671006732134312579,7562,0.21
3670776410218099057,3671006732134312579,7562,0.16
3670967935694729787,3670798671033595865,7563,0.42
3670648372948052979,3671006732134312579,7564,0.43
3670675525731290003,3671006732134312579,7564,0.33
3670701145211206981,3671006732134312579,7564,0.26
3670723732444214833,3671006732134312579,7564,0.21
3670776410218099057,3671006732134312579,7564,0.16
3671243878753550690,3671378912525330292,7567,0.28
3671311996934861935,3671378912525330292,7567,0.07
3671705158241115954,3671652733870306359,7568,0.02
3671724378219763600,3671652733870306359,7568,0.09
3671713297204139540,3671825821052314094,7569,0.28
3671732366858931630,3671825821052314094,7569,0.21
3671776884194949418,3671825821052314094,7569,0.19
3672016607794553520,3671794751258901770,7570,0.78
3672192516770076937,3671794751258901770,7570,0.82
3663830400127068770,3663571688477030259,7571,0.16
3663891259813652220,3663571688477030259,7571,0.23
3663390015655378596,3663333304907212017,7577,0.16
3664905258642541529,3664626983416479157,7578,0.32
3664999211052137080,3664626983416479157,7578,0.38
3663401998614137705,3663452924041372020,7581,0.05
3663360775518132995,3663420969484680325,7588,1.06
3663363859304629364,3663420969484680325,7588,0.75
3663370984655356198,3663420969484680325,7588,0.54
3663376602472566880,3663420969484680325,7588,0.37
3663377770703654747,3663420969484680325,7588,0.14
3667383025275636470,3666996439564265431,7591,0.09
3667193131888357935,3668131689616642457,7600,1.92
3667408077821624209,3668131689616642457,7600,1.77
3667812685215707669,3668131689616642457,7600,0.91
3668274772157145571,3668209029092732902,7603,0.10
3668304673719463335,3668209029092732902,7603,0.14
3668186635133229900,3668196960234618639,7605,0.15
3664512226186453801,3664499607572577329,7619,0.33
3664534787649637329,3664499607572577329,7619,0.50
3664481495695615190,3664489772097540741,7622,0.04
3664474181366336294,3664450949888278239,7627,0.54
3664491739192616115,3664450949888278239,7627,0.59
3664438503073115685,3664455055876981701,7628,0.63
3664438567497605405,3664455055876981701,7628,0.57
3664439426491039030,3664455055876981701,7628,0.19
3664448896893971315,3664448703620450255,7631,0.06
3664449627038391040,3664448703620450255,7631,0.46
3664434508753640675,3664438481598286080,7632,1.15
3664435797243783485,3664438481598286080,7632,1.06
3664437811583397809,3664438481598286080,7632,0.13
3664433177313819200,3664433735659547255,7635,0.11
3664433349112518545,3664433735659547255,7635,0.17
3664209078803615230,3664209078803615230,7640,0.28
3666446808304425219,3666950367450077495,7644,0.38
3666475756384000145,3666950367450077495,7644,0.30
3666537689812408100,3666950367450077495,7644,0.23
3666602629717923295,3666950367450077495,7644,0.05
3667381285813879055,3667462082738657373,7647,0.09
3664444838149987185,3664444339933801144,7651,0.09
3664446663511039760,3664444339933801144,7651,1.07
3664448574771439105,3664444339933801144,7651,1.14
3661761879452900629,3661976069472010530,7652,0.27
3661798945020675195,3661976069472010530,7652,0.12
3662804031792705435,3662902386543807945,7654,0.10
3663043970140754570,3663253959681841226,7655,0.38
3663868539437374695,3663876717055124409,7660,0.21
3663872791455006930,3663876717055124409,7660,0.05
3663888382186324465,3663905312947446321,7661,0.39
3663936034848560587,3663983906554084747,7662,0.62
3663967126116841914,3663983906554084747,7662,0.11
3663972327322242390,3663983906554084747,7662,0.04
3664131219637453875,3664172451323506690,7664,0.22
3664195575427434794,3664372291856861213,7665,0.09
3664195575427434794,3664372291856861213,7666,0.09
3664932626175235906,3665198561960287772,7667,0.36
3665666429927744355,3665945065931088644,7669,0.51
3665765540593072699,3665945065931088644,7669,0.19
3665809499583349865,3665945065931088644,7669,0.09
3662710401505632405,3662459876063195735,7673,0.46
3662791791135911850,3662459876063195735,7673,0.56
3679286011741448549,3679002178827701430,7682,0.22
3679357823594635385,3679002178827701430,7682,0.29
3678649647912057204,3678513832456227200,7683,0.08
3678721567139426345,3678513832456227200,7683,0.29
3670595201251589698,3670651199035212534,7691,0.24
3670655511182344229,3670352166232162550,7694,0.55
3670821468718636820,3670352166232162550,7694,0.89
3670972544193251361,3670352166232162550,7694,1.34
3670651426668486603,3670429432693823237,7695,0.74
3667530664776444835,3667647578081218150,7701,0.14
3667555296413889264,3667647578081218150,7701,0.07
3667818706758172640,3667971152327388080,7702,0.47
3675729757347504568,3677997130710679232,7721,21.65
3675731848996576000,3677997130710679232,7721,21.71
3675755226503565570,3677997130710679232,7721,21.60
3675759938082685580,3677997130710679232,7721,21.62
3675775047777632225,3677997130710679232,7721,21.54
3675800027307413188,3677997130710679232,7721,21.55
3675813994541060038,3677997130710679232,7721,21.31
3675840588978543514,3677997130710679232,7721,21.30
3675850488878162520,3677997130710679232,7721,21.25
3676135215144945683,3677997130710679232,7721,21.23
3676146055642401732,3677997130710679232,7721,17.35
3676413301392278250,3677997130710679232,7721,17.35
3676427582158537405,3677997130710679232,7721,17.08
3676505853642478822,3677997130710679232,7721,17.08
3676519902480504580,3677997130710679232,7721,15.96
3676597555489156090,3677997130710679232,7721,15.95
3676609731721441405,3677997130710679232,7721,15.72
3676616388920735760,3677997130710679232,7721,15.71
3676628414829165810,3677997130710679232,7721,15.66
3676636961814070140,3677997130710679232,7721,15.65
3676649674917267450,3677997130710679232,7721,15.41
3676680319508699534,3677997130710679232,7721,13.57
3676687736917293061,3677997130710679232,7721,14.15
3676692319647324435,3677997130710679232,7721,12.56
3676704362735695031,3677997130710679232,7721,13.56
3676715757284016241,3677997130710679232,7721,15.40
3676719725833590050,3677997130710679232,7721,12.56
3676729213416554769,3677997130710679232,7721,14.13
3676733899225667115,3677997130710679232,7721,12.44
3676796618633041736,3677997130710679232,7721,12.45
3676809507829897434,3677997130710679232,7721,11.44
3676874387605821756,3677997130710679232,7721,11.44
3676887014809663945,3677997130710679232,7721,11.32
3676887530205747950,3677997130710679232,7721,11.32
3676901080827558690,3677997130710679232,7721,11.25
3677067927421878872,3677997130710679232,7721,9.04
3677078892473385681,3677997130710679232,7721,8.43
3677124084119403968,3677997130710679232,7721,11.25
3677138674123308563,3677997130710679232,7721,9.03
3677150365024097486,3677997130710679232,7721,8.43
3677155304236488236,3677997130710679232,7721,7.67
3677254208743318149,3677997130710679232,7721,6.99
3677317580985714679,3677997130710679232,7721,7.66
3677335924791009538,3677997130710679232,7721,5.82
3677340546175738131,3677997130710679232,7721,5.74
3677342225507955017,3677997130710679232,7721,5.30
3677360706752202380,3677997130710679232,7721,5.30
3677367857872750465,3677997130710679232,7721,5.22
3677388392111240851,3677997130710679232,7721,3.23
3677397471672199057,3677997130710679232,7721,5.22
3677404214770853140,3677997130710679232,7721,4.04
3677447615415218570,3677997130710679232,7721,4.06
3677537320102128491,3677997130710679232,7721,1.79
3677819495158439218,3677997130710679232,7721,1.31
3677856934388347865,3677997130710679232,7721,1.79
3677904922057934700,3677997130710679232,7721,1.26
3677918279406195490,3677997130710679232,7721,0.98
3677923862863695329,3677997130710679232,7721,0.97
3677925486361305049,3677997130710679232,7721,0.93
3677931443480957380,3677997130710679232,7721,0.92
3677947450824049394,3677997130710679232,7721,0.53
3677971502640889737,3677997130710679232,7721,0.70
3678007782229632353,3677997130710679232,7721,0.33
3678020757325824824,3677997130710679232,7721,0.36
3678034930717896400,3677997130710679232,7721,0.30
3678038001619517680,3677997130710679232,7721,0.29
3678050585873690390,3677997130710679232,7721,0.22
3678060399873949076,3677997130710679232,7721,0.23
3678074272618315720,3677997130710679232,7721,0.03
3678094111072229500,3677997130710679232,7721,0.37
3678104981634436530,3677997130710679232,7721,0.42
3678108374658594985,3677997130710679232,7721,0.49
3666686450300924185,3666967903802875428,7724,0.91
3666731384248801411,3666967903802875428,7724,0.69
3666792166625989685,3666967903802875428,7724,0.32
3666840360454030001,3666967903802875428,7724,0.27
3667058153950700487,3667196460487610231,7725,0.70
3667084138502860805,3667196460487610231,7725,0.35
3667111939826177727,3667196460487610231,7725,0.27
3667157131472075435,3667196460487610231,7725,0.11
3667318888530391217,3667471608977510415,7726,0.44
3666987510328589178,3666836318889805936,7730,0.65
3667075892165653205,3667058501843061041,7731,0.08
3667098707031937848,3667058501843061041,7731,0.20
3667122943532395240,3667058501843061041,7731,0.25
3667151062683287493,3667058501843061041,7731,0.36
3667307073075361172,3667058501843061041,7731,0.90
3667537601150018630,3667482324920916170,7732,0.08
3667574387544910785,3667482324920916170,7732,0.15
3667615189734224939,3667482324920916170,7732,0.25
3667663684209966452,3667482324920916170,7732,0.35
3667767850051795231,3667482324920916170,7732,0.65
3678652783238181060,3679005627686438352,7740,0.31
3678727794842003270,3679005627686438352,7740,0.22
3678652783238181060,3679005627686438352,7741,0.31
3678727794842003270,3679005627686438352,7741,0.22
3679283649509434125,3679889562020698702,7742,0.30
3679356466384968284,3679889562020698702,7742,0.07
3679283649509434125,3679889562020698702,7743,0.30
3679356466384968284,3679889562020698702,7743,0.07
3679286011741448549,3679002178827701430,7754,0.22
3679357823594635385,3679002178827701430,7754,0.29
3682002685930272035,3681904996899127339,7761,0.07
3682092369142377543,3681904996899127339,7761,0.36
3671054621018233160,3671040039604296284,7764,0.29
3671014269800434120,3671014819556284290,7765,0.13
3671014785196517490,3671014819556284290,7765,0.03
3670980550012242528,3670995539448087606,7766,0.24
3671021408036160539,3670995539448087606,7766,0.62
3671155058828483705,3670995539448087606,7766,0.63
3670911894960049568,3670984707540598477,7767,0.24
3670949441564143042,3670984707540598477,7767,0.12
3669840970634660560,3670173121930492885,7772,0.60
3670669577200280370,3670775207626005597,7773,0.36
3670703550391607165,3670775207626005597,7773,0.26
3670917353863687690,3670781581357479866,7778,0.63
3671130079298963665,3670781581357479866,7778,1.78
3670917353863687690,3670781581357479866,7779,0.63
3671130079298963665,3670781581357479866,7779,1.78
3670589003613757506,3670834426634946561,7782,0.17
3670589003613757506,3670817594658119353,7785,0.17
3670972763236571062,3671145867598466994,7786,0.50
3671464206279508880,3671219066726098837,7790,0.88
3671464206279508880,3671176903032155043,7791,0.88
3663890246201368549,3663643221157342578,7797,0.07
3663675854318861059,3663496543729225139,7799,0.39
3658530260160017203,3659414009810707730,7800,1.55
3658620282674541909,3659414009810707730,7800,1.25
3658704528458053270,3659414009810707730,7800,1.19
3658875936307868419,3659414009810707730,7800,0.91
3659008075271696207,3659414009810707730,7800,0.50
3659132242776222619,3659414009810707730,7800,0.38
3669500787749984750,3669653559736701725,7804,0.39
3669568777082279640,3669653559736701725,7804,0.18
3668360864776487528,3668718764401260830,7812,0.48
3668451235183363408,3668718764401260830,7812,0.38
3668546866925175259,3668718764401260830,7812,0.12
3668920580619534205,3668993552113895445,7813,0.24
3668994282258344525,3668941514290139331,7814,0.04
3669071209417588326,3668941514290139331,7814,0.31
3669160926989428699,3668941514290139331,7814,0.39
3669192044027484980,3668941514290139331,7814,0.44
3669246718961159367,3668941514290139331,7814,0.62
3668920580619534205,3669036652110713533,7815,0.24
3668412314189729551,3668302225587996732,7816,0.11
3668479586262486601,3668302225587996732,7816,0.27
3668531538186897829,3668302225587996732,7816,0.32
3664876624096672597,3664642088817525870,7819,0.46
3665059722847472375,3664642088817525870,7819,0.74
3665666429927744355,3665945065931088644,7822,0.51
3665765540593072699,3665945065931088644,7822,0.19
3665809499583349865,3665945065931088644,7822,0.09
3666075804735588298,3665928491652294112,7823,0.20
3666138408178899664,3665928491652294112,7823,0.27
3666093860778099914,3666341083390663772,7824,0.22
3666143450470503906,3666341083390663772,7824,0.08
3666571920702984640,3666335663141937573,7825,0.15
3666607006290829939,3666335663141937573,7825,0.17
3666680536130958496,3666638265062815948,7826,0.22
3666726131503799892,3666638265062815948,7826,0.61
3666789954717834325,3666638265062815948,7826,0.66
3666574884230417310,3666661419231511636,7827,0.29
3666631792547096958,3666661419231511636,7827,0.14
3661513780666979859,3661664040097871365,7828,0.53
3661741736056280144,3661624114081880009,7829,0.23
3661790505409939590,3661624114081880009,7829,0.36
3664666771994606223,3664583866240909508,7834,0.24
3664717697421825460,3664583866240909508,7834,0.29
3664741083518747479,3664583866240909508,7834,0.38
3664771105340140310,3664583866240909508,7834,0.48
3664790368268458875,3664583866240909508,7834,0.50
3664811134435330159,3664583866240909508,7834,0.61
3664837935031250475,3664583866240909508,7834,0.68
3664858679723284315,3664583866240909508,7834,0.77
3664872058546407380,3664583866240909508,7834,0.78
3664879295566298430,3664583866240909508,7834,0.83
3664895058096269155,3664583866240909508,7834,0.92
3664990560989010582,3664583866240909508,7834,2.01
3664992231731229620,3664583866240909508,7834,2.08
3664992253206069869,3664583866240909508,7834,2.05
3664992321925528165,3664583866240909508,7834,2.35
3664993434322041675,3664583866240909508,7834,2.42
3664994014142617950,3664583866240909508,7834,2.54
3664994916085742430,3664583866240909508,7834,2.59
3664996354899776850,3664583866240909508,7834,2.75
3664997514540870375,3664583866240909508,7834,3.58
3664997536015719495,3664583866240909508,7834,3.40
3664997600440200805,3664583866240909508,7834,3.74
3664997621915075160,3664583866240909508,7834,3.31
3664998072886678225,3664583866240909508,7834,2.95
3664999219642925646,3664583866240909508,7834,3.19
3664502489495593126,3664546173607925325,7835,0.35
3664513098064798444,3664546173607925325,7835,0.15
3664443334911481855,3664444232559657990,7837,0.06
3664443807357877179,3664444232559657990,7837,0.16
3664459144686140221,3664433718479717718,7838,0.48
3664478399024562069,3664433718479717718,7838,0.68
3664478875765922975,3664433718479717718,7838,0.56
3664474679582853086,3664534555721965543,7839,0.67
3664512591259204150,3664534555721965543,7839,0.10
3664356860040105626,3664405466184946561,7847,0.51
3664356860040105626,3664438099346473405,7848,0.51
3664385266953855855,3664372446476460350,7851,0.08
3664388788827043195,3664372446476460350,7851,0.10
3664381259749306988,3664380929036867390,7853,0.57
3664391816778978040,3664415851415988245,7856,0.10
3664395274227655610,3664415851415988245,7856,0.08
3664455554093687110,3664404654436246668,7857,0.16
3664484566597778805,3664404654436246668,7857,0.20
3664131198163346360,3664177240212759320,7858,0.05
3664262722946851259,3664368933193113458,7861,0.21
3664356860040105626,3664405466184946561,7862,0.51
3664262722946851259,3664373030591911693,7865,0.21
3664392654297494643,3664333718756256488,7866,0.09
3664443919027141082,3664333718756256488,7866,0.21
3664506732923843821,3664333718756256488,7866,0.34
3664561270418564521,3664333718756256488,7866,0.43
3664617843727779284,3664333718756256488,7866,0.60
3664855802095813195,3664726661019173321,7871,0.25
3664456305712809350,3664667768427614275,7873,0.39
3664500221753408450,3664667768427614275,7873,0.29
3664544975312630430,3664667768427614275,7873,0.21
3664595140530644974,3664667768427614275,7873,0.10
3664757421574941085,3664990848752483478,7879,0.45
3664847942305659680,3664990848752483478,7879,0.25
3665459167691449312,3665259120999711505,7881,0.71
3665689601276811028,3665259120999711505,7881,0.93
3665751367201491985,3665259120999711505,7881,0.97
3669280327080589635,3669287688654592877,7886,0.50
3669282496039095234,3669287688654592877,7886,0.46
3669284338580085844,3669287688654592877,7886,0.03
3669293641479281515,3669279678540589002,7887,0.04
3669320055528163976,3669279678540589002,7887,0.28
3669479763887104935,3669614698874678433,7888,0.49
3669538046593326315,3669614698874678433,7888,0.12
3669555892182445535,3669614698874678433,7888,0.09
3660336551606330230,3660343878820664841,7890,0.23
3659973369172112323,3660325998871812339,7891,1.30
3660015803448964745,3660325998871812339,7891,1.05
3660050399410508055,3660325998871812339,7891,0.57
3660073072542846924,3660325998871812339,7891,0.46
3660095028415649292,3660325998871812339,7891,0.19
3660114458847688699,3660325998871812339,7891,0.12
3660915148125310385,3660994497646103680,7892,0.24
3660316824821468964,3660397776364954275,7893,1.27
3660316983735300088,3660397776364954275,7893,1.50
3660356759427330660,3660397776364954275,7893,0.59
3660334898043891165,3660335692612856345,7895,0.25
3660337792851802854,3660335692612856345,7895,1.02
3660377998040606864,3660335692612856345,7895,1.45
3660318706017215499,3660317911448251015,7896,0.23
3669403700015978195,3669301621528226667,7900,0.11
3669412320015356087,3669301621528226667,7900,0.33
3669416692292084680,3669301621528226667,7900,0.58
3669420149740777525,3669301621528226667,7900,0.77
3669421953627053035,3669301621528226667,7900,0.83
3669422533447644110,3669301621528226667,7900,0.90
3671147821808865330,3671402985816006485,7901,1.51
3671318718557630460,3671402985816006485,7901,0.30
3671353786965614220,3671402985816006485,7901,0.06
3671952999328065990,3671661667401352619,7904,0.06
3672096545725075586,3671661667401352619,7904,1.11
3671962791853499675,3672092237872947751,7905,1.16
3672109293188011119,3672092237872947751,7905,1.11
3672084833349347435,3672080774605233070,7906,0.05
3672089686662404850,3672080774605233070,7906,0.29
3672096751883593370,3672125012768474852,7907,0.24
3672101368973447470,3672125012768474852,7907,0.19
3672150078197798944,3672112140751490497,7908,1.61
3672155657360296648,3672112140751490497,7908,1.34
3672205942837301749,3672112140751490497,7908,0.42
3672268443201412045,3672112140751490497,7908,0.49
3672274597889587632,3672112140751490497,7908,1.17
3672253539665293440,3672209413171265419,7910,0.09
3672284158487156218,3672209413171265419,7910,0.24
3672318715794027810,3672209413171265419,7910,0.32
3672526334513150640,3672712564295196300,7911,0.54
3672589058215551677,3672712564295196300,7911,0.37
3672622949802490370,3672712564295196300,7911,0.20
3672654230049314224,3672712564295196300,7911,0.18
3672217942975926283,3672206922089939930,7912,0.92
3672278020978480040,3672206922089939930,7912,0.55
3672323942768832402,3672206922089939930,7912,0.48
3672665431324172923,3672699748112773796,7913,1.37
3672168799960275820,3672206213420562757,7914,1.16
3672172429207659450,3672206213420562757,7914,1.08
3672178077089681735,3672206213420562757,7914,0.75
3672181916790462244,3672206213420562757,7914,0.46
3672186709973985180,3672206213420562757,7914,0.35
3661176011553968357,3660994600725320789,7922,0.65
3664470994501117155,3664560553159199887,7923,0.15
3664492855884659275,3664560553159199887,7923,0.04
3664577380841091030,3664551739886308894,7932,0.04
3664579936346636690,3664551739886308894,7932,0.10
3664586851243978444,3664605873654169923,7936,0.12
3664589879195927635,3664605873654169923,7936,0.09
3664755020688612734,3664704219815427076,7943,0.07
3664807114346954931,3664704219815427076,7943,0.29
3664854363282188450,3664704219815427076,7943,0.36
3664755106587956530,3664903154110679627,7946,0.39
3664812255422806898,3664903154110679627,7946,0.32
3664864520879843275,3664903154110679627,7946,0.07
3665611969743474632,3665383778131005683,7953,0.48
3665611969743474632,3665383778131005683,7956,0.48
3665433767255356774,3665521453307680254,7958,0.12
3665858672665037863,3665731417078982915,7961,0.52
3666042179437743613,3665731417078982915,7961,0.81
3666145018134680419,3665731417078982915,7961,0.88
3666250816064083637,3665731417078982915,7961,1.19
3666383414589414250,3665731417078982915,7961,1.37
3666472749909171919,3665731417078982915,7961,1.54
3666526952396448159,3665731417078982915,7961,1.58
3666670687771988608,3665731417078982915,7961,2.14
3666773238706159798,3665731417078982915,7961,2.41
3666800387194457839,3665731417078982915,7961,2.46
3666806533292662564,3665731417078982915,7961,2.48
3666819272165670734,3665731417078982915,7961,2.61
3666842430629344163,3665731417078982915,7961,2.74
3666861100852187005,3665731417078982915,7961,2.76
3666870266312400064,3665731417078982915,7961,2.81
3666885217093563520,3665731417078982915,7961,2.89
3666898381168331000,3665731417078982915,7961,2.93
3666916282592030104,3665731417078982915,7961,3.08
3666938869825060739,3665731417078982915,7961,3.31
3666948348817898654,3665731417078982915,7961,3.35
3672778857115327670,3672640902765794950,7962,0.40
3672276736783771553,3672889431048349455,7963,1.01
3672394479017211570,3672889431048349455,7963,0.74
3672487894555889464,3672889431048349455,7963,0.46
3672586292256630370,3672889431048349455,7963,0.30
3670933202292815094,3670778785333650827,7964,0.13
3670963803934787519,3670778785333650827,7964,0.38
3671155209152339720,3670778785333650827,7964,0.50
3670384653365014583,3670618849341527246,7965,2.43
3670460455242757020,3670618849341527246,7965,1.17
3670473232770451460,3670618849341527246,7965,0.97
3670490477064128475,3670618849341527246,7965,0.90
3670531193354054005,3670618849341527246,7965,0.55
3670611307378964171,3670545839192527720,7966,0.61
3670384653365014583,3670560369066854026,7967,2.43
3670460455242757020,3670560369066854026,7967,1.17
3670473232770451460,3670560369066854026,7967,0.97
3670490477064128475,3670560369066854026,7967,0.90
3670531193354054005,3670560369066854026,7967,0.55
3670566755683197968,3670641728632289036,7971,0.18
3670648720839106819,3670641728632289036,7971,0.72
3670742355421158260,3670641728632289036,7971,0.90
3670807767773095999,3670641728632289036,7971,1.27
3670917353863687690,3670641728632289036,7971,1.90
3671130079298963665,3670641728632289036,7971,3.05
3670933202292815094,3670778785333650827,7973,0.13
3670963803934787519,3670778785333650827,7973,0.38
3671155209152339720,3670778785333650827,7973,0.50
3670933202292815094,3670778785333650827,7974,0.13
3670963803934787519,3670778785333650827,7974,0.38
3671155209152339720,3670778785333650827,7974,0.50
3670658320090974783,3670670023876876377,7977,0.37
3663399400159424880,3663289534895966465,7978,0.35
3672722249445171180,3674258688095953805,7979,3.08
3672972796362381940,3674258688095953805,7979,3.02
3673408537974427989,3674258688095953805,7979,2.07
3673921790861260961,3674258688095953805,7979,1.27
3674289848083687465,3674262575041358335,7980,0.02
3674359426553881640,3674262575041358335,7980,0.28
3674433750962937805,3674262575041358335,7980,0.32
3674513465555950290,3674262575041358335,7980,0.60
3675092680550512509,3674262575041358335,7980,2.66
3674289912508195265,3675772028412610608,7981,2.19
3674360178173156760,3675772028412610608,7981,2.16
3674431582004451684,3675772028412610608,7981,1.91
3674523988225823700,3675772028412610608,7981,1.87
3674986508958955516,3675772028412610608,7981,1.53
3676185904346156880,3675888722674042599,7982,0.05
3676214465878677200,3675888722674042599,7982,0.12
3676249920833708680,3675888722674042599,7982,0.21
3669423027368831880,3669429521359447368,7987,0.65
3669425411075697505,3669429521359447368,7987,0.57
3669428073955440525,3669429521359447368,7987,0.28
3669429340970802215,3669429521359447368,7987,0.13
3669430758310015925,3669429521359447368,7987,0.07
3669315094840805244,3669421279317206137,7988,0.62
3669364787612394540,3669421279317206137,7988,0.54
3669410206891526725,3669421279317206137,7988,0.02
3669099745180388895,3669293916356894159,7989,0.26
3669144683423207047,3669293916356894159,7989,0.23
3669200500818189290,3669293916356894159,7989,0.08
3669403700015978195,3669301621528226667,7990,0.11
3669412320015356087,3669301621528226667,7990,0.33
3669416692292084680,3669301621528226667,7990,0.58
3669420149740777525,3669301621528226667,7990,0.77
3669421953627053035,3669301621528226667,7990,0.83
3669422533447644110,3669301621528226667,7990,0.90
3669322804307102595,3669286035092104039,7998,0.09
3669373914417899120,3669286035092104039,7998,0.61
3669418968624811150,3669286035092104039,7998,0.63
3669273240384551370,3669277075790324088,7999,0.03
3669275087220509475,3669277075790324088,7999,0.46
3669277170279671834,3669277075790324088,7999,0.56
3672006836743951375,3672197872594289659,8007,0.80
3672352538661572725,3672241479397245489,8008,0.34
3672506792411991740,3672241479397245489,8008,0.72
3669301909291326010,3669358907802332370,8010,0.04
3669488568570067005,3669399405048979475,8011,0.28
3669541564171545689,3669399405048979475,8011,0.37
3669561239416733560,3669399405048979475,8011,0.41
3671684125784955876,3671777717417310294,8015,0.21
3671730412647509275,3671777717417310294,8015,0.06
3671827886930297715,3671775939300851402,8016,0.07
3671904126894768634,3671775939300851402,8016,0.31
3671828247707548964,3672333447530703710,8017,0.30
3671901640108702751,3672333447530703710,8017,0.23
3672722550092883449,3672335960086573399,8018,0.06
3672974321075773647,3672335960086573399,8018,1.01
3673416835851245452,3672335960086573399,8018,1.84
3673931132415131271,3672335960086573399,8018,3.09
3676188502801368430,3676454322622310586,8019,0.17
3676217064333888810,3676454322622310586,8019,0.13
3676245625866409485,3676454322622310586,8019,0.05
3676637528747310215,3676420306481325581,8020,0.30
3676716053634391145,3676420306481325581,8020,0.36
3677013471529732457,3676420306481325581,8020,1.63
3676680448355500615,3677432222251178902,8021,1.41
3676722066588603180,3677432222251178902,8021,1.28
3677006999014014172,3677432222251178902,8021,1.21
3678117827880362725,3678222955795275937,8023,3.68
3678122311826215907,3678222955795275937,8023,3.87
3678131137984017900,3678222955795275937,8023,3.76
3678136979139545570,3678222955795275937,8023,3.68
3678149327170835175,3678222955795275937,8023,0.13
3678150783164761652,3678222955795275937,8023,0.07
3678152934943333214,3678222955795275937,8023,0.24
3678157835501051961,3678222955795275937,8023,0.28
3678161005186631704,3678222955795275937,8023,2.93
3678168714653174596,3678222955795275937,8023,0.76
3678171454842344246,3678222955795275937,8023,0.35
3678199578288135877,3678222955795275937,8023,0.79
3678205574062371182,3678222955795275937,8023,1.26
3678212832557068067,3678222955795275937,8023,3.65
3678218536273759030,3678222955795275937,8023,0.96
3678227340956725298,3678222955795275937,8023,1.27
3678277746693155140,3678342471850402640,8025,0.75
3678290180623495915,3678342471850402640,8025,0.42
3678303190079454309,3678342471850402640,8025,0.33
3678366480717658961,3678326314183433023,8026,0.61
3664575783110634172,3664629148079404725,8029,1.39
3664608648200445685,3664629148079404725,8029,0.06
3660195354556170585,3660166685649469325,8031,0.08
3660274613882653776,3660166685649469325,8031,0.33
3660455651049165314,3660166685649469325,8031,0.88
3672309202442525250,3672501574027867716,8032,1.17
3672348222220429195,3672501574027867716,8032,1.08
3672415825005701394,3672501574027867716,8032,0.70
3672471724005086332,3672501574027867716,8032,0.30
3672491416430151534,3672501574027867716,8032,0.05
3672493263266211015,3672489951846364859,8033,0.05
3672494122259684720,3672489951846364859,8033,0.32
3672502420136599266,3672489951846364859,8033,2.24
3672509236249788648,3672489951846364859,8033,2.34
3672510679358808654,3672489951846364859,8033,2.43
3672512135352729514,3672489951846364859,8033,2.51
3672514944261359742,3672489951846364859,8033,2.83
3672551889570058605,3672489951846364859,8033,2.94
3672568596992846885,3672489951846364859,8033,2.99
3672577186927443825,3672489951846364859,8033,3.05
3672309202442525250,3672501574027867716,8034,1.17
3672348222220429195,3672501574027867716,8034,1.08
3672415825005701394,3672501574027867716,8034,0.70
3672471724005086332,3672501574027867716,8034,0.30
3672491416430151534,3672501574027867716,8034,0.05
3672493263266211015,3672489951846364859,8035,0.05
3672494122259684720,3672489951846364859,8035,0.32
3672502420136599266,3672489951846364859,8035,2.24
3672509236249788648,3672489951846364859,8035,2.34
3672510679358808654,3672489951846364859,8035,2.43
3672512135352729514,3672489951846364859,8035,2.51
3672514944261359742,3672489951846364859,8035,2.83
3672551889570058605,3672489951846364859,8035,2.94
3672568596992846885,3672489951846364859,8035,2.99
3672577186927443825,3672489951846364859,8035,3.05
3672273906401196476,3672290429140460690,8036,1.29
3672284742603742116,3672290429140460690,8036,0.18
3672295222323975985,3672283587257558809,8037,0.07
3672318496751765694,3672283587257558809,8037,0.30
3672388143941471865,3672283587257558809,8037,0.88
3672459710981559830,3672283587257558809,8037,1.12
3672478961024993265,3672283587257558809,8037,1.17
3672242188067535059,3672256627747658049,8038,0.37
3672248402885193369,3672256627747658049,8038,0.42
3672264779595479211,3672256627747658049,8038,0.68
3672268103900379651,3672245443652819757,8039,1.10
3672276539216199799,3672245443652819757,8039,1.13
3672278579325674500,3672245443652819757,8039,1.31
3672344451238790133,3672303876682757275,8040,0.16
3672453977199779762,3672303876682757275,8040,0.72
3672550021258431250,3672303876682757275,8040,0.78
3672582620060200625,3672303876682757275,8040,0.93
3672650244320261080,3672303876682757275,8040,1.21
3672734395614472434,3672303876682757275,8040,1.48
3672792953198562748,3672303876682757275,8040,1.76
3672232043354782402,3672293955308301685,8041,0.73
3672235951775002239,3672293955308301685,8041,0.35
3672256906920424026,3672293955308301685,8041,0.30
3672790346153311205,3672803145155911460,8042,0.46
3672795070617355235,3672803145155911460,8042,0.14
3672796316157877545,3672803145155911460,8042,0.05
3672332180517224700,3672791600283819708,8043,1.76
3672442024305794335,3672791600283819708,8043,1.59
3672537028982360585,3672791600283819708,8043,1.04
3672569477460274645,3672791600283819708,8043,0.98
3672638068087976425,3672791600283819708,8043,0.84
3672723391908259453,3672791600283819708,8043,0.55
3672780845685754869,3672791600283819708,8043,0.30
3672779802008598788,3672756634954971148,8045,0.32
3672782507838014075,3672756634954971148,8045,0.42
3672783774853373260,3672756634954971148,8045,0.47
3672607633949352363,3672724220836720945,8046,1.27
3672638458929648805,3672724220836720945,8046,1.22
3672725728370170084,3672724220836720945,8046,0.97
3672730710532293815,3672724220836720945,8046,0.06
3672739188797717821,3672724220836720945,8046,0.41
3672652589371975091,3672592150592236270,8048,0.89
3672596707552551925,3672581649397199820,8049,0.06
3672625363574362514,3672581649397199820,8049,0.28
3672711370294497918,3672581649397199820,8049,0.87
3672718594429552269,3672581649397199820,8049,1.27
3672728515803987012,3672581649397199820,8049,1.21
3678379494468564355,3678324587606755770,8050,0.57
3678334075189608605,3678310594603308292,8051,0.32
3678338907027832985,3678310594603308292,8051,0.36
3678342798268221881,3678310594603308292,8051,0.74
3675829868737183344,3676306141955525465,8054,1.37
3676082292555099212,3676306141955525465,8054,1.17
3676257973897342590,3676306141955525465,8054,0.57
3676285702206180627,3676306141955525465,8054,0.31
3676337529576510891,3676317287395658415,8055,0.24
3676468259790993537,3676317287395658415,8055,1.61
3676714361417002284,3676317287395658415,8055,1.79
3672505482448168115,3672600212247129509,8056,3.06
3672506427340986930,3672600212247129509,8056,3.01
3672512126762680052,3672600212247129509,8056,2.75
3672517143284566525,3672600212247129509,8056,0.99
3672517851954180300,3672600212247129509,8056,0.88
3672517980803210335,3672600212247129509,8056,0.77
3672517980803219770,3672600212247129509,8056,0.63
3672523620095298645,3672600212247129509,8056,0.56
3672559577561517235,3672600212247129509,8056,0.22
3672571066599038530,3672600212247129509,8056,0.17
3672581889916628945,3672600212247129509,8056,0.11
3672590930822791740,3672600212247129509,8056,0.06
3672354505758144891,3672585733912374697,8057,1.45
3672497966255715855,3672585733912374697,8057,0.47
3672553826600354481,3672585733912374697,8057,0.19
3672573149658211254,3672585733912374697,8057,0.11
3672345022470369405,3672213553521500775,8058,0.77
3672491502329942473,3672213553521500775,8058,1.39
3672590213563279038,3672213553521500775,8058,1.50
3672598442720612739,3672213553521500775,8058,1.51
3671887556913951947,3672201214080456279,8059,1.70
3671981071236836128,3672201214080456279,8059,1.23
3672052449298294650,3672201214080456279,8059,0.49
3672096103345870614,3672201214080456279,8059,0.43
3656920437697993694,3657043600180173751,8060,0.37
3657159757570696289,3657036341685445821,8061,0.36
3656916812745598145,3656311527299554823,8062,0.34
3647598859722086315,3656297396857149603,8063,16.53
3647672428216908377,3656297396857149603,8063,16.47
3647880055525941509,3656297396857149603,8063,16.22
3648039437467328350,3656297396857149603,8063,15.63
3648103754602585950,3656297396857149603,8063,15.58
3648164936411717470,3656297396857149603,8063,15.37
3648241472728932130,3656297396857149603,8063,15.34
3648604994465898028,3656297396857149603,8063,15.06
3648992842897637006,3656297396857149603,8063,13.87
3649095892047977650,3656297396857149603,8063,13.50
3649182530128281317,3656297396857149603,8063,13.45
3649498944664009058,3656297396857149603,8063,13.15
3649800790670673266,3656297396857149603,8063,12.25
3649890074450832680,3656297396857149603,8063,11.99
3649973452650957355,3656297396857149603,8063,11.93
3650338327302633739,3656297396857149603,8063,11.67
3650651529202756890,3656297396857149603,8063,10.50
3650897205627053628,3656297396857149603,8063,10.43
3651233858048613008,3656297396857149603,8063,9.51
3651379092367725816,3656297396857149603,8063,9.08
3651446742397604485,3656297396857149603,8063,8.93
3651721955311995298,3656297396857149603,8063,8.81
3651989583314141274,3656297396857149603,8063,7.83
3652236342070197173,3656297396857149603,8063,7.74
3652628330850401133,3656297396857149603,8063,6.86
3653417462371565316,3656297396857149603,8063,6.20
3654046529051519220,3656297396857149603,8063,3.75
3654196719762885467,3656297396857149603,8063,3.68
3654346489567455825,3656297396857149603,8063,3.12
3654582278977012586,3656297396857149603,8063,3.05
3654793144691344235,3656297396857149603,8063,2.06
3655115125504593748,3656297396857149603,8063,2.02
3655538205553056691,3656297396857149603,8063,0.67
3655632853747356670,3656297396857149603,8063,0.35
3655716863307663122,3656297396857149603,8063,0.30
3657166303100853097,3657856985381657231,8064,0.37
3658537840777297004,3657860825082422148,8065,0.27
3658619531055267430,3657860825082422148,8065,0.33
3658707659489214365,3657860825082422148,8065,0.62
3658882567737375666,3657860825082422148,8065,1.03
3659015999486359495,3657860825082422148,8065,1.16
3659134304360526981,3657860825082422148,8065,1.51
3663438785008873985,3664258483812125260,8071,1.31
3663469949291556997,3664258483812125260,8071,1.27
3663566036299867308,3664258483812125260,8071,0.92
3663653855496146040,3664258483812125260,8071,0.39
3663717403832244205,3664258483812125260,8071,0.33
3663401547642560260,3663401655016748240,8072,0.04
3663401642131825979,3663401655016748240,8072,0.33
3663402342211431825,3663401655016748240,8072,0.87
3663402621384311960,3663401655016748240,8072,0.84
3663403544802291930,3663401655016748240,8072,0.79
3663403630701661885,3663401655016748240,8072,0.52
3663404124622888930,3663401655016748240,8072,0.58
3663404253471904425,3663401655016748240,8072,0.59
3663404468220225024,3663401655016748240,8072,1.28
3663387619063675742,3663388211769111850,8073,0.01
3676329489397731964,3676747170672167045,8074,1.79
3676456100738579782,3676747170672167045,8074,1.53
3676694385524110025,3676747170672167045,8074,0.23
3676819188683776307,3676756834348583720,8075,0.27
3677105156196244689,3676756834348583720,8075,1.38
3676799401769444862,3677483379606228614,8076,1.39
3677086447318703878,3677483379606228614,8076,1.20
3677782386639440615,3677483559994856206,8077,0.60
3677790160530244940,3678089120318816030,8078,0.63
3678560488684584326,3678080199671743390,8079,1.34
3663043970140754570,3663253959681841226,8080,0.38
3663397248380358892,3663397248380358892,8081,0.25
3663401998614137705,3663397248380358892,8081,0.60
3663402256312190970,3663397248380358892,8081,0.55
3663367488552017820,3663387619063675742,8082,0.53
3663367488552017820,3663387619063675742,8083,0.53
3663378367704213325,3663295809842912381,8084,0.64
3663378767136122413,3663295809842912381,8084,1.04
3663097713066361691,3663365469917435078,8085,1.06
3663239172109190405,3663365469917435078,8085,0.76
3663012101483411690,3663010920367343081,8089,0.12
3663448641958818585,3663426187869811449,8090,0.05
3663501744934439924,3663426187869811449,8090,0.59
3663607409719821678,3663426187869811449,8090,0.93
3663667358873324684,3663426187869811449,8090,1.00
3663736164249392111,3663426187869811449,8090,1.34
3663388125869687720,3663406937826399883,8091,0.25
3663388125869699530,3663406937826399883,8091,0.46
3663388340618124895,3663406937826399883,8091,1.05
3663388405042585260,3663406937826399883,8091,0.52
3663388426517446945,3663406937826399883,8091,0.95
3663389070762480695,3663406937826399883,8091,0.20
3672534774123896201,3672408115538310990,8092,0.33
3672608883784606640,3672408115538310990,8092,0.50
3672638411684773910,3672408115538310990,8092,0.53
3672663326790065120,3672408115538310990,8092,0.69
3672264771004772005,3672414497859711067,8093,0.29
3672292623867695456,3672414497859711067,8093,0.21
3672325755245424204,3672414497859711067,8093,0.07
3673306072940789291,3673016755353827450,8094,0.65
3672276736783771553,3672889431048349455,8095,1.01
3672394479017211570,3672889431048349455,8095,0.74
3672487894555889464,3672889431048349455,8095,0.46
3672586292256630370,3672889431048349455,8095,0.30
3663397248380358892,3663397248380358892,8096,0.25
3663401998614137705,3663397248380358892,8096,0.60
3663402256312190970,3663397248380358892,8096,0.55
3663012101483411690,3663010920367343081,8099,0.12
3670956523964394425,3671062626836676609,8102,1.97
3670982229343722191,3671062626836676609,8102,1.51
3670997863024699520,3671062626836676609,8102,1.17
3671017383651080974,3671062626836676609,8102,1.05
3671047525731612576,3671062626836676609,8102,0.67
3671118019030076698,3671138110887154843,8104,1.17
3671144149611191775,3671154590676837725,8105,1.38
3671148337204318880,3671154590676837725,8105,1.32
3671166376067021516,3671154590676837725,8105,1.14
3671037093256572691,3671012122316762115,8106,0.52
3670418686685849760,3670353738190453340,8107,0.70
3670210135959059659,3670062724091565104,8108,0.16
3670228527009002882,3670062724091565104,8108,0.41
3670228763232181630,3670062724091565104,8108,0.66
3670229270038287577,3670062724091565104,8108,1.18
3670279345061954592,3670062724091565104,8108,1.50
3669960177452457985,3669939346861089919,8109,0.32
3671080541145355935,3671059951072068579,8113,0.51
3671108694656071544,3671059951072068579,8113,1.98
3671134893956669070,3671131415033144935,8115,0.06
3671138695002739065,3671131415033144935,8115,0.28
3671153877712177820,3671131415033144935,8115,1.12
3671172333186711142,3671131415033144935,8115,1.73
3671000461480576350,3670998292522066315,8117,0.10
3671002179467508529,3670998292522066315,8117,0.31
3670198938979317477,3670384653365014583,8118,1.50
3670215341459347657,3670384653365014583,8118,0.86
3670215642107093250,3670384653365014583,8118,1.14
3670215891215218366,3670384653365014583,8118,1.34
3670265949058958703,3670384653365014583,8118,0.38
3669942009740801456,3670121951690560245,8119,0.80
3669975781068612604,3670121951690560245,8119,0.59
3669064749786765077,3669925323792868455,8120,12.08
3669070775625899985,3669925323792868455,8120,12.12
3669072021166419995,3669925323792868455,8120,12.17
3669072923109555180,3669925323792868455,8120,12.19
3669073030483740760,3669925323792868455,8120,12.24
3669073588829494470,3669925323792868455,8120,12.31
3669074318973938700,3669925323792868455,8120,12.32
3669093526067623926,3669925323792868455,8120,11.72
3669099057985486980,3669925323792868455,8120,11.52
3669103374427611215,3669925323792868455,8120,11.40
3669107604970392045,3669925323792868455,8120,11.34
3669113081053687165,3669925323792868455,8120,11.27
3669117655193850995,3669925323792868455,8120,11.18
3669122293758523765,3669925323792868455,8120,11.13
3669126846423850920,3669925323792868455,8120,11.02
3669128156388874140,3669925323792868455,8120,10.98
3669250373978207971,3669925323792868455,8120,10.97
3669448767107508636,3669925323792868455,8120,10.12
3669468747295361505,3669925323792868455,8120,9.98
3669488083238115833,3669925323792868455,8120,9.93
3669506714806232860,3669925323792868455,8120,9.70
3669511611068947055,3669925323792868455,8120,9.64
3669533622776323375,3669925323792868455,8120,9.62
3669541181918508180,3669925323792868455,8120,6.80
3669557167786840606,3669925323792868455,8120,7.68
3669557300930728487,3669925323792868455,8120,6.44
3669558512111786130,3669925323792868455,8120,9.28
3669578419285083770,3669925323792868455,8120,8.18
3669583629080514620,3669925323792868455,8120,9.22
3669594160340277083,3669925323792868455,8120,8.86
3669629851518254145,3669925323792868455,8120,5.88
3669714724366961829,3669925323792868455,8120,5.54
3669796311565321720,3669925323792868455,8120,1.44
3669811258051890122,3669925323792868455,8120,5.24
3669841790974123696,3669925323792868455,8120,2.85
3669845587725043375,3669925323792868455,8120,0.58
3669850024426695695,3669925323792868455,8120,5.12
3669859855606717270,3669925323792868455,8120,4.68
3669893957647147736,3669925323792868455,8120,5.07
3678346981566331785,3678294995282321105,8122,0.76
3678351706030375020,3678294995282321105,8122,0.41
3678355485601613915,3678294995282321105,8122,0.37
3678123535893123145,3678112605201374165,8124,0.34
3678137924033539245,3678112605201374165,8124,0.57
3678149241272343615,3678112605201374165,8124,0.80
3678156177644513435,3678112605201374165,8124,0.87
3678164166283669005,3678112605201374165,8124,1.13
3678177609531281340,3678112605201374165,8124,1.41
3678185812918801505,3678112605201374165,8124,1.47
3675729757347504568,3678097680190022705,8125,22.13
3675731848996576000,3678097680190022705,8125,22.19
3675755226503565570,3678097680190022705,8125,22.08
3675759938082685580,3678097680190022705,8125,22.09
3675775047777632225,3678097680190022705,8125,22.01
3675800027307413188,3678097680190022705,8125,22.03
3675813994541060038,3678097680190022705,8125,21.78
3675840588978543514,3678097680190022705,8125,21.77
3675850488878162520,3678097680190022705,8125,21.73
3676135215144945683,3678097680190022705,8125,21.71
3676146055642401732,3678097680190022705,8125,17.82
3676413301392278250,3678097680190022705,8125,17.83
3676427582158537405,3678097680190022705,8125,17.55
3676505853642478822,3678097680190022705,8125,17.55
3676519902480504580,3678097680190022705,8125,16.43
3676597555489156090,3678097680190022705,8125,16.43
3676609731721441405,3678097680190022705,8125,16.19
3676616388920735760,3678097680190022705,8125,16.18
3676628414829165810,3678097680190022705,8125,16.13
3676636961814070140,3678097680190022705,8125,16.13
3676649674917267450,3678097680190022705,8125,15.88
3676680319508699534,3678097680190022705,8125,14.05
3676687736917293061,3678097680190022705,8125,14.62
3676692319647324435,3678097680190022705,8125,13.03
3676704362735695031,3678097680190022705,8125,14.03
3676715757284016241,3678097680190022705,8125,15.87
3676719725833590050,3678097680190022705,8125,13.04
3676729213416554769,3678097680190022705,8125,14.61
3676733899225667115,3678097680190022705,8125,12.92
3676796618633041736,3678097680190022705,8125,12.92
3676809507829897434,3678097680190022705,8125,11.92
3676874387605821756,3678097680190022705,8125,11.91
3676887014809663945,3678097680190022705,8125,11.80
3676887530205747950,3678097680190022705,8125,11.79
3676901080827558690,3678097680190022705,8125,11.73
3677067927421878872,3678097680190022705,8125,9.51
3677078892473385681,3678097680190022705,8125,8.91
3677124084119403968,3678097680190022705,8125,11.73
3677138674123308563,3678097680190022705,8125,9.50
3677150365024097486,3678097680190022705,8125,8.91
3677155304236488236,3678097680190022705,8125,8.14
3677254208743318149,3678097680190022705,8125,7.47
3677317580985714679,3678097680190022705,8125,8.14
3677335924791009538,3678097680190022705,8125,6.29
3677340546175738131,3678097680190022705,8125,6.21
3677342225507955017,3678097680190022705,8125,5.77
3677360706752202380,3678097680190022705,8125,5.77
3677367857872750465,3678097680190022705,8125,5.69
3677388392111240851,3678097680190022705,8125,3.69
3677397471672199057,3678097680190022705,8125,5.69
3677404214770853140,3678097680190022705,8125,4.51
3677447615415218570,3678097680190022705,8125,4.53
3677537320102128491,3678097680190022705,8125,2.25
3677819495158439218,3678097680190022705,8125,1.78
3677856934388347865,3678097680190022705,8125,2.24
3677904922057934700,3678097680190022705,8125,1.73
3677918279406195490,3678097680190022705,8125,1.45
3677923862863695329,3678097680190022705,8125,1.44
3677925486361305049,3678097680190022705,8125,1.40
3677931443480957380,3678097680190022705,8125,1.39
3677947450824049394,3678097680190022705,8125,1.00
3677971502640889737,3678097680190022705,8125,1.16
3678007782229632353,3678097680190022705,8125,0.81
3678020757325824824,3678097680190022705,8125,0.83
3678034930717896400,3678097680190022705,8125,0.77
3678038001619517680,3678097680190022705,8125,0.77
3678050585873690390,3678097680190022705,8125,0.70
3678060399873949076,3678097680190022705,8125,0.71
3678074272618315720,3678097680190022705,8125,0.49
3678081909070141953,3678097680190022705,8125,0.48
3678090980041052790,3678097680190022705,8125,0.14
3678094111072229500,3678097680190022705,8125,0.12
3678094437489719885,3678097680190022705,8125,0.07
3678104981634436530,3678097680190022705,8125,0.07
3678108374658594985,3678097680190022705,8125,0.03
3667193131888357935,3668328596687300018,8128,2.33
3667408077821624209,3668328596687300018,8128,2.18
3667812685215707669,3668328596687300018,8128,1.34
3668113075228387344,3668328596687300018,8128,0.43
3668216871703028950,3668328596687300018,8128,0.14
3668251274391069644,3668328596687300018,8128,0.02
3667393139925248825,3667760741881143678,8130,0.40
3668014192196235795,3667726193164217302,8131,0.22
3668042611994829803,3668105430186497234,8132,0.09
3668184191296769547,3668107607734918254,8133,0.14
3668187232133452666,3668257072596728355,8134,0.74
3668194494923164790,3668257072596728355,8134,0.46
3668212641160010921,3668257072596728355,8134,0.42
3668271718435229180,3668243199852357150,8135,0.06
3667994950742532690,3668160298393524273,8136,0.46
3668090582484355910,3668160298393524273,8136,0.42
3668176949981759600,3668165847491290925,8137,0.08
3668199133487861614,3668165847491290925,8137,0.41
3667537687049362790,3667913037126262131,8138,0.65
3667574516393927960,3667913037126262131,8138,0.58
3667604667064347540,3667913037126262131,8138,0.50
3667651649711600980,3667913037126262131,8138,0.45
3667765350380827708,3667913037126262131,8138,0.32
3667998300817028855,3667916576179316501,8139,0.05
3668074648155692155,3667916576179316501,8139,0.38
3668132131997996105,3667916576179316501,8139,0.42
3668140850781610645,3667916576179316501,8139,0.46
3668146799311319240,3667916576179316501,8139,0.50
3668153843057690005,3667916576179316501,8139,0.57
3674350535972687995,3674657432860820909,8141,0.72
3674446313743387880,3674657432860820909,8141,0.38
3674496264213039864,3674657432860820909,8141,0.34
3674579586578581589,3674657432860820909,8141,0.18
3674737894778144899,3674645063355009940,8142,0.25
3674749946456375730,3675260854291066445,8143,0.24
3682002707405107180,3682477795212540885,8155,0.36
3682091832271463999,3682477795212540885,8155,0.30
3682869710978291800,3682474900404585381,8156,0.35
3682974894727367890,3682474900404585381,8156,0.43
3683088367763325105,3682474900404585381,8156,0.81
3682872670210756919,3684076403514903885,8157,0.71
3682974078683579950,3684076403514903885,8157,0.38
3683067730445466525,3684076403514903885,8157,0.30
3685092786050639395,3684105330119643660,8158,0.26
3685169687440072070,3684105330119643660,8158,0.31
3685233875726309005,3684105330119643660,8158,0.52
3685533582839185023,3684105330119643660,8158,1.52
3685822711447615544,3684105330119643660,8158,1.68
3686917185078719037,3684105330119643660,8158,5.97
3688167089281324899,3684105330119643660,8158,6.71
3688650255922250879,3684105330119643660,8158,7.92
3689004380270761799,3684105330119643660,8158,8.15
3689073039617953065,3684105330119643660,8158,8.20
3689148931690070495,3684105330119643660,8158,8.46
3689222332681156345,3684105330119643660,8158,8.50
3690784794538776670,3684105330119643660,8158,14.77
3678562039167775498,3679075472443237490,8161,1.33
3679544225173922618,3679076795293167651,8162,1.14
3679896927888267615,3679076795293167651,8162,1.42
3679987208100828745,3679076795293167651,8162,1.50
3680087087565296520,3679076795293167651,8162,1.83
3679520774652483580,3681161443569567157,8163,1.83
3679874851756363335,3681161443569567157,8163,0.78
3679986542380895050,3681161443569567157,8163,0.41
3680087323788494895,3681161443569567157,8163,0.33
3682218357711670590,3681153575189484307,8164,0.27
3682305541252811974,3681153575189484307,8164,0.35
3682397071300856880,3681153575189484307,8164,0.64
3682584039817186173,3681153575189484307,8164,1.10
3684069720544378775,3681153575189484307,8164,7.01
3685749873095739352,3681153575189484307,8164,8.37
3686218909294250097,3681153575189484307,8164,8.92
3686902010957796221,3681153575189484307,8164,10.94
3689356790925879336,3681153575189484307,8164,18.60
3664206192589282024,3664163951585982515,8171,0.82
3664209207656283577,3664163951585982515,8171,0.89
3664218746778632844,3664163951585982515,8171,1.15
3664236596662701290,3664163951585982515,8171,1.20
3660527153668935566,3664208928483395182,8174,11.83
3660938053190012089,3664208928483395182,8174,9.22
3661092057832312739,3664208928483395182,8174,8.61
3661489209163162609,3664208928483395182,8174,8.28
3662375763427416721,3664208928483395182,8174,6.75
3662993998199797055,3664208928483395182,8174,4.43
3663251717712362155,3664208928483395182,8174,3.99
3663505163732468445,3664208928483395182,8174,3.28
3663607126256063235,3664208928483395182,8174,2.90
3663846235675325234,3664208928483395182,8174,2.86
3664119520149324524,3664208928483395182,8174,1.65
3664195996336922922,3664208928483395182,8174,0.94
3664874309111630730,3664562773658914953,8175,0.32
3664921235924292234,3664562773658914953,8175,0.38
3664970520673998200,3664562773658914953,8175,0.72
3665156630196809204,3664562773658914953,8175,1.89
3665349199350426144,3664562773658914953,8175,2.39
3665395580702219227,3664562773658914953,8175,2.69
3665398256466756295,3664562773658914953,8175,3.48
3665399051035725505,3664562773658914953,8175,3.42
3665399386043210298,3664562773658914953,8175,3.07
3665396753228136025,3665397934344190525,8179,0.47
3665397779725340704,3665397934344190525,8179,0.24
3664873690636337735,3665389752431494410,8180,3.43
3664914900847529775,3665389752431494410,8180,3.16
3664977830708330585,3665389752431494410,8180,3.10
3665192703627113327,3665389752431494410,8180,2.65
3665370197445517828,3665389752431494410,8180,1.41
3665390375201768060,3665389752431494410,8180,0.06
3665390396676616379,3665389752431494410,8180,0.26
3665390675849555899,3665389752431494410,8180,1.01
3665390882007945013,3665389752431494410,8180,0.59
3665391169770776350,3665389752431494410,8180,0.76
3665701996553729415,3665508233399204016,8181,0.35
3665733414239481845,3665508233399204016,8181,0.42
3665769955821217821,3665508233399204016,8181,0.78
3665992572566043262,3665508233399204016,8181,2.03
3666203562834403680,3665508233399204016,8181,2.26
3666243012109006710,3665508233399204016,8181,2.31
3666302643434928764,3665508233399204016,8181,2.68
3666576473369795449,3665508233399204016,8181,3.95
3666909526608711720,3665508233399204016,8181,4.42
3667005368803907055,3665508233399204016,8181,4.44
3667016621618220820,3665508233399204016,8181,4.48
3667076978793621521,3665508233399204016,8181,4.77
3667154700521794207,3665508233399204016,8181,4.94
3667441909279805090,3667285787218608939,8185,0.13
3667487586256996080,3667285787218608939,8185,0.19
3667558152569666615,3667285787218608939,8185,0.42
3667624295066022400,3667285787218608939,8185,0.46
3667727494540205713,3667285787218608939,8185,0.85
3665696039434088268,3667201751888500004,8186,4.96
3665725210851946610,3667201751888500004,8186,4.67
3665753407312229842,3667201751888500004,8186,4.61
3665957663071868184,3667201751888500004,8186,4.33
3666178802347946149,3667201751888500004,8186,3.10
3666234808721471105,3667201751888500004,8186,2.77
3666297953330640178,3667201751888500004,8186,2.71
3666647834251405347,3667201751888500004,8186,2.33
3666981875332799440,3667201751888500004,8186,0.65
3667009685246036640,3667201751888500004,8186,0.55
3667057011490663646,3667201751888500004,8186,0.50
3667133431843743295,3667201751888500004,8186,0.29
3666960271647111300,3667014856386559956,8187,0.69
3666967753480171773,3667014856386559956,8187,0.63
3666456321659262020,3666955237945431229,8189,2.08
3666528541534344769,3666955237945431229,8189,1.95
3666697904979738936,3666955237945431229,8189,1.93
3666744221907082302,3666955237945431229,8189,1.33
3666753726669696975,3666955237945431229,8189,1.51
3666773238706159798,3666955237945431229,8189,0.94
3666784628959392800,3666955237945431229,8189,1.54
3666786952536709646,3666955237945431229,8189,1.49
3666800387194457839,3666955237945431229,8189,0.88
3666806533292662564,3666955237945431229,8189,0.84
3666808878344732041,3666955237945431229,8189,1.78
3666811451030190475,3666955237945431229,8189,1.32
3666811644303666914,3666955237945431229,8189,1.57
3666819272165670734,3666955237945431229,8189,0.69
3666835137774847570,3666955237945431229,8189,0.94
3666839660375326331,3666955237945431229,8189,1.87
3666842675442455890,3666955237945431229,8189,0.88
3666856762935193460,3666955237945431229,8189,0.85
3666879118239980039,3666955237945431229,8189,0.72
3666888481268546035,3666955237945431229,8189,1.87
3666892368214094655,3666955237945431229,8189,0.60
3666892969509370590,3666955237945431229,8189,2.52
3666902933833649125,3666955237945431229,8189,0.57
3666915689886526500,3666955237945431229,8189,0.45
3666923184604463310,3666955237945431229,8189,0.38
3666941081733202309,3666955237945431229,8189,0.33
3666955886485245134,3666955237945431229,8189,2.52
3666959215084882103,3666955237945431229,8189,2.86
3666962195792185769,3666955237945431229,8189,2.90
3666962767022853737,3666955237945431229,8189,2.85
3665736291866863440,3666280584482410203,8191,1.31
3665837799123971818,3666280584482410203,8191,0.86
3666007123914670434,3666280584482410203,8191,0.55
3666145018134678009,3666280584482410203,8191,0.08
3668097621936839765,3667942779775896025,8193,0.09
3668167780227617147,3667942779775896025,8193,0.29
3668234670048280569,3667942779775896025,8193,0.38
3668268432786191285,3667942779775896025,8193,0.44
3668291282012203480,3667942779775896025,8193,0.48
3668351055072052974,3667942779775896025,8193,0.74
3668438728239450540,3667942779775896025,8193,0.95
3668492801877699650,3667942779775896025,8193,1.01
3668523704167391315,3667942779775896025,8193,1.10
3668571099131498746,3667942779775896025,8193,1.22
3667305767406462109,3667947147757633051,8194,1.22
3667419811673066185,3667947147757633051,8194,0.94
3667484837477924830,3667947147757633051,8194,0.74
3667555940661507245,3667947147757633051,8194,0.68
3667622336560933504,3667947147757633051,8194,0.45
3667729311311369734,3667947147757633051,8194,0.41
3668846556859022870,3668700583805534072,8195,0.18
3668904753665883605,3668700583805534072,8195,0.23
3668943726199127484,3668700583805534072,8195,0.34
3669045847636523593,3668700583805534072,8195,0.64
3668192807002035447,3668691358215780465,8196,1.34
3668333222367827820,3668691358215780465,8196,0.78
3668409866059216600,3668691358215780465,8196,0.68
3668480196148681245,3668691358215780465,8196,0.43
3668505514980889065,3668691358215780465,8196,0.36
3668593265457708799,3668691358215780465,8196,0.32
3669580541000064044,3669339571859953402,8197,0.27
3669627253064363450,3669339571859953402,8197,0.32
3669641877428001790,3669339571859953402,8197,0.39
3669676417554979811,3669339571859953402,8197,0.70
3669677413987332474,3669339571859953402,8197,1.19
3669683925157757345,3669339571859953402,8197,1.15
3669692278869154140,3669339571859953402,8197,1.11
3669699301140712785,3669339571859953402,8197,0.83
3669699795061932519,3669339571859953402,8197,1.03
3669702307617810605,3669339571859953402,8197,0.90
3668776634791442410,3669520501652242710,8198,1.62
3668867258601387870,3669520501652242710,8198,1.35
3668905032838756045,3669520501652242710,8198,1.26
3668946736971200175,3669520501652242710,8198,1.21
3669043266361177341,3669520501652242710,8198,1.10
3669314497840879526,3669520501652242710,8198,0.83
3669677413987332474,3670027788829471819,8199,0.96
3669683925157757345,3670027788829471819,8199,0.92
3669692278869154140,3670027788829471819,8199,0.88
3669721974273056057,3670027788829471819,8199,0.80
3669822467917872593,3670027788829471819,8199,0.52
3669938002538145831,3670027788829471819,8199,0.16
3670091002158136510,3670015565352548785,8200,0.05
3670170480527949535,3670015565352548785,8200,0.32
3670347128237869080,3670015565352548785,8200,0.76
3670527718727769307,3670015565352548785,8200,1.05
3670610736150637620,3670015565352548785,8200,1.10
3670681500031811994,3670015565352548785,8200,1.35
3670883513818609158,3670015565352548785,8200,2.07
3671214763171362354,3670015565352548785,8200,2.98
3671427471426736184,3670015565352548785,8200,3.23
3671684864521897231,3670015565352548785,8200,4.85
3671930794349333735,3670015565352548785,8200,4.89
3672111930300096494,3670015565352548785,8200,5.69
3672515549851766098,3670015565352548785,8200,6.59
3672795285366747400,3670015565352548785,8200,6.91
3672873883268274855,3670015565352548785,8200,6.98
3672997685700599670,3670015565352548785,8200,7.54
3670091796727084600,3673185178202964952,8207,7.50
3670163737429293085,3673185178202964952,8207,7.46
3670347454655381725,3673185178202964952,8207,7.27
3670536089619028295,3673185178202964952,8207,6.84
3670614129174800180,3673185178202964952,8207,6.60
3670686804316421641,3673185178202964952,8207,6.55
3670918711075603273,3673185178202964952,8207,6.29
3671248216671633634,3673185178202964952,8207,5.36
3671498875258044579,3673185178202964952,8207,4.58
3671746991223848873,3673185178202964952,8207,3.90
3671934230323168804,3673185178202964952,8207,2.68
3672132932690173633,3673185178202964952,8207,2.64
3672428061367940744,3673185178202964952,8207,1.75
3672624148099851050,3673185178202964952,8207,1.36
3672794065596032751,3673185178202964952,8207,0.94
3672878972804519270,3673185178202964952,8207,0.59
3672993210344674652,3673185178202964952,8207,0.51
3673256002213697684,3673186346434071613,8208,0.06
3673307997087800305,3673186346434071613,8208,0.44
3673357818708450585,3673186346434071613,8208,0.48
3673425786565934295,3673186346434071613,8208,1.05
3673741939108702335,3673186346434071613,8208,3.23
3674337767036987691,3674075314470330905,8210,1.82
3674451467706311871,3674075314470330905,8210,2.15
3674570975171345533,3674075314470330905,8210,2.45
3675037649137911732,3674075314470330905,8210,4.17
3675528984806709501,3674075314470330905,8210,4.77
3675646671205609080,3674075314470330905,8210,4.82
3675727807432824649,3674075314470330905,8210,5.44
3675793236964641075,3674075314470330905,8210,5.50
3675862579211664804,3674075314470330905,8210,6.14
3676181360274446538,3674075314470330905,8210,8.76
3676515178017738395,3674075314470330905,8210,9.57
3676872261598882589,3674075314470330905,8210,12.45
3677159483241959729,3674075314470330905,8210,12.55
3677417181279832121,3674075314470330905,8210,15.14
3671904646588824485,3671889090217302360,8217,0.43
3671993801519905330,3671889090217302360,8217,1.16
3672063723587450620,3671889090217302360,8217,1.23
3672110195133571270,3671889090217302360,8217,1.68
3660527153668935566,3671870256785709260,8218,27.75
3660604510323152823,3671870256785709260,8218,23.80
3660831881597730146,3671870256785709260,8218,21.33
3660874290103936195,3671870256785709260,8218,22.80
3660920851844402466,3671870256785709260,8218,22.64
3660938053190012089,3671870256785709260,8218,25.40
3660956654692081733,3671870256785709260,8218,22.10
3660988729507685720,3671870256785709260,8218,22.56
3661092057832312739,3671870256785709260,8218,24.83
3661113816136234529,3671870256785709260,8218,22.78
3661123402502485024,3671870256785709260,8218,21.86
3661215258968913720,3671870256785709260,8218,22.88
3661234435997107580,3671870256785709260,8218,21.33
3661237893445798020,3671870256785709260,8218,21.32
3661241930715074560,3671870256785709260,8218,21.31
3661250451930232013,3671870256785709260,8218,21.31
3661250735398102940,3671870256785709260,8218,21.32
3661294436691105145,3671870256785709260,8218,23.33
3661346109442702717,3671870256785709260,8218,23.34
3661489209163162609,3671870256785709260,8218,24.52
3661641912430370159,3671870256785709260,8218,23.55
3662375763427416721,3671870256785709260,8218,22.95
3662993998199797055,3671870256785709260,8218,20.48
3663251717712362155,3671870256785709260,8218,20.02
3663492893010900031,3671870256785709260,8218,19.24
3663564262482438115,3671870256785709260,8218,18.81
3663677971741581377,3671870256785709260,8218,18.78
3663841373772348670,3671870256785709260,8218,18.23
3664281758244021269,3671870256785709260,8218,18.09
3664806255355182139,3671870256785709260,8218,16.41
3664992141539724540,3671870256785709260,8218,15.65
3665050145073053374,3671870256785709260,8218,15.45
3665312932647057756,3671870256785709260,8218,15.40
3665671974733134110,3671870256785709260,8218,14.52
3665798349850851594,3671870256785709260,8218,14.14
3665881461762996550,3671870256785709260,8218,14.08
3666014884922046909,3671870256785709260,8218,13.85
3666095630307211880,3671870256785709260,8218,13.62
3666545510951598113,3671870256785709260,8218,13.58
3666992011456721540,3671870256785709260,8218,12.11
3667280886662082477,3671870256785709260,8218,12.08
3667788607631043743,3671870256785709260,8218,11.18
3668160182431700849,3671870256785709260,8218,10.54
3668401851651521274,3671870256785709260,8218,10.21
3668561070384156840,3671870256785709260,8218,10.00
3668744319458814516,3671870256785709260,8218,9.87
3669234289327953472,3671870256785709260,8218,9.63
3669777680000307286,3671870256785709260,8218,8.84
3670341501832088053,3671870256785709260,8218,8.49
3670744374059419035,3671870256785709260,8218,7.88
3671408423248018049,3671870256785709260,8218,7.87
3671747605404887801,3671870256785709260,8218,3.09
3671749791543338730,3671870256785709260,8218,4.56
3671752145185624124,3671870256785709260,8218,6.34
3671752282624453526,3671870256785709260,8218,4.93
3671752789430655250,3671870256785709260,8218,5.91
3671787823478539167,3671870256785709260,8218,2.40
3671846462666930739,3671870256785709260,8218,0.67
3671861598131655559,3671870256785709260,8218,0.15
3671865489372018975,3671870256785709260,8218,0.08
3667383025275636470,3666996439564265431,8220,0.09
3668535472377045620,3668721573309979950,8221,0.36
3668624442624581615,3668721573309979950,8221,0.28
3668997932980640710,3668861395970301830,8223,0.06
3669004929482365390,3668861395970301830,8223,0.09
3669019601090648920,3668861395970301830,8223,0.09
3669036067995261708,3668861395970301830,8223,0.12
3669090188878158465,3668861395970301830,8223,0.30
3669162129580366982,3668861395970301830,8223,0.41
3664228822771894974,3664560548865853333,8224,0.34
3664256186008523368,3664560548865853333,8224,0.29
3673266099681809890,3674093224483957350,8225,3.32
3673312932005220966,3674093224483957350,8225,3.26
3673360906789933219,3674093224483957350,8225,2.92
3673434333550851898,3674093224483957350,8225,2.85
3673763431125054404,3674093224483957350,8225,2.27
3669081126497127987,3669076986148642475,8227,0.10
3669091898275115133,3669076986148642475,8227,0.20
3669137351914026793,3669076986148642475,8227,0.52
3669072923109555180,3669268129373127427,8228,0.43
3669073030483740760,3669268129373127427,8228,0.47
3669073588829494470,3669268129373127427,8228,0.53
3669074318973938700,3669268129373127427,8228,0.54
3669078880229188524,3669268129373127427,8228,0.41
3669096880437117461,3669268129373127427,8228,0.31
3669130462786396838,3669268129373127427,8228,0.23
3669167150397034185,3669268129373127427,8228,0.10
3669190777012127847,3669268129373127427,8228,0.05
3669437565832955235,3669352757408729019,8229,0.09
3669509549484835685,3669352757408729019,8229,0.29
3669567595967840710,3669352757408729019,8229,0.33
3669586038557409578,3669352757408729019,8229,0.36
3669631848678588390,3669352757408729019,8229,0.51
3669783890520863945,3669988966619319291,8230,0.20
3669832488075817888,3669988966619319291,8230,0.15
3670519914771251662,3670428702550828930,8233,0.58
3666445455389728794,3666001514685104154,8238,0.08
3666481876712398850,3666001514685104154,8238,0.17
3666544583234920345,3666001514685104154,8238,0.33
3666602543818579790,3666001514685104154,8238,0.38
3659520701092616880,3659986756584112411,8240,1.91
3659583768392424899,3659986756584112411,8240,1.84
3659690378070727025,3659986756584112411,8240,1.12
3659520701092616880,3659986756584112411,8241,1.91
3659583768392424899,3659986756584112411,8241,1.84
3659690378070727025,3659986756584112411,8241,1.12
3658901938039060298,3659500265638216737,8243,2.05
3659027144925696110,3659500265638216737,8243,1.43
3659267388216412601,3659500265638216737,8243,1.34
3659584404047593902,3659510564969799139,8244,0.91
3659686237722258184,3659510564969799139,8244,1.74
3658301295452538670,3658598219426667795,8245,0.58
3658921527384904160,3658635345123984419,8246,0.50
3659028304566868790,3658635345123984419,8246,0.60
3659247047251297085,3658635345123984419,8246,1.81
3659474976870775002,3658635345123984419,8246,1.98
3657138368632459415,3657978292436985852,8247,1.78
3657353293090950242,3657978292436985852,8247,1.34
3657610857984762064,3657978292436985852,8247,0.66
3658013017247582380,3657546313216231201,8248,0.79
3658197421668468540,3657546313216231201,8248,1.02
3658337952998419655,3657546313216231201,8248,1.60
3655861298761515969,3656556215880158534,8249,0.70
3657130852439693420,3656519468139970846,8250,0.55
3655861298761515969,3656556215880158534,8251,0.70
3657130852439693420,3656519468139970846,8252,0.55
3654707309768388962,3655561561583831075,8253,3.90
3654744151997863584,3653852400822948089,8256,3.98
3651592036844173100,3653091822244245696,8257,2.42
3651737812329180630,3653091822244245696,8257,1.86
3651869736544657949,3653091822244245696,8257,1.76
3652235251146492582,3653091822244245696,8257,1.25
3651157399038690932,3651457780461456125,8259,1.24
3651588652409946116,3651457350964729200,8260,0.55
3651730871662032304,3651457350964729200,8260,0.65
3651885232786666433,3651457350964729200,8260,1.26
3652262541368697596,3651457350964729200,8260,2.46
3649551261658436849,3650663756972497876,8261,3.57
3650221280851686510,3650663756972497876,8261,1.19
3651166405585113518,3650697704394010043,8262,1.20
3661447633875639739,3661037872520653291,8266,0.65
3662826185233656810,3662724506177892444,8269,0.20
3662574573164558039,3662574573164558039,8270,0.22
3662826185233656810,3663144536799572100,8271,0.20
3666446808304425219,3666950367450077495,8272,0.38
3666475756384000145,3666950367450077495,8272,0.30
3666537689812408100,3666950367450077495,8272,0.23
3666602629717923295,3666950367450077495,8272,0.05
3667383025275636470,3666996439564265431,8273,0.09
3665690653543796585,3665781367548050745,8275,0.30
3665763066692403654,3665781367548050745,8275,0.01
3665801248951664713,3665778468445128140,8276,0.02
3665920146531309295,3665778468445128140,8276,0.54
3666060506062525771,3665778468445128140,8276,0.68
3666129350093309096,3665778468445128140,8276,0.83
3666343991083919591,3665778468445128140,8276,1.53
3661248502013617915,3661475641359073388,8277,0.05
3661749681747398825,3661477471015143183,8278,0.13
3661854556258832017,3661477471015143183,8278,0.42
3662047632218655640,3661477471015143183,8278,0.91
3660884241542273733,3661131326715846323,8279,0.50
3661008950212680710,3661131326715846323,8279,0.07
3661227349299686269,3661120357369373800,8280,0.05
3666760074630660272,3666925997807299825,8281,0.77
3666863183910567735,3666925997807299825,8281,0.27
3666968719847022714,3666920259730993447,8282,0.26
3666970901690429805,3666920259730993447,8282,0.46
3666971799338615511,3666920259730993447,8282,0.72
3666976631176838194,3666920259730993447,8282,0.79
3666988919078279597,3666920259730993447,8282,0.89
3667056564813211862,3666920259730993447,8282,1.29
3667123519058414604,3666920259730993447,8282,1.47
3666797415076346733,3667071850601709032,8283,0.63
3666844999019047688,3667071850601709032,8283,0.21
3667378859158991215,3667046716453099965,8284,0.43
3665810916923045200,3666571598580796925,8285,1.48
3665920790776401236,3666571598580796925,8285,1.41
3666249239810403550,3666571598580796925,8285,0.99
3666725530208701010,3666604515210156999,8286,0.23
3666767320240499454,3666604515210156999,8286,0.24
3666797299112231527,3666604515210156999,8286,0.41
3666856019905118642,3666604515210156999,8286,0.67
3665810916923045200,3666619255537915912,8287,1.48
3665920790776401236,3666619255537915912,8287,1.41
3666249239810403550,3666619255537915912,8287,0.99
3666755431771027877,3666602556705071926,8288,0.48
3666828738272865080,3666602556705071926,8288,0.68
3663011955455811507,3663915066819078741,8289,1.72
3663222142565344674,3663915066819078741,8289,1.09
3663356961588769814,3663915066819078741,8289,0.88
3663575725747995608,3663915066819078741,8289,0.55
3664005085038635624,3663679749855905252,8290,0.45
3664130145896360240,3663679749855905252,8290,0.50
3661741392460515630,3662538624289996034,8291,1.06
3661875331015640935,3662538624289996034,8291,0.87
3662091161712198800,3662538624289996034,8291,0.52
3663027400158209317,3662528337843323676,8292,0.56
3663219707318889337,3662528337843323676,8292,0.77
3663368519345765095,3662528337843323676,8292,1.16
3658931856783708325,3660097656936714929,8293,1.11
3659007559877266470,3660097656936714929,8293,0.86
3659139028826194890,3660097656936714929,8293,0.81
3659327491991140220,3660097656936714929,8293,0.33
3659409053420089875,3660097656936714929,8293,0.05
3660895455701885160,3660109034305083451,8294,0.39
3661008499241116170,3660109034305083451,8294,0.45
3665353296745939743,3665353296745939743,8295,0.19
3647794285030147252,3655763489474122481,8299,20.69
3649686918203848194,3655763489474122481,8299,12.57
3649842378840097160,3655763489474122481,8299,12.45
3650026998009319407,3655763489474122481,8299,11.95
3650448510394737559,3655763489474122481,8299,11.71
3652511503446189571,3655763489474122481,8299,10.20
3654212855956333754,3655763489474122481,8299,3.16
3654271374885743157,3655763489474122481,8299,3.10
3654325036207140080,3655763489474122481,8299,2.93
3654634578795141799,3655763489474122481,8299,2.88
3655058659571011725,3655763489474122481,8299,1.65
3655289350854428599,3655763489474122481,8299,1.07
3655397124468791390,3655763489474122481,8299,0.67
3655465221175272546,3655763489474122481,8299,0.63
3655617967392193671,3655763489474122481,8299,0.39
3655969742393620199,3655686987516644048,8300,0.51
3658189136679146123,3657831554881947500,8302,0.55
3658479562367703957,3657831554881947500,8302,1.17
3658664924566266157,3657831554881947500,8302,1.30
3658734447201886282,3657831554881947500,8302,1.45
3658928098687325744,3658817099552529609,8303,0.27
3659007538402431370,3658817099552529609,8303,0.32
3659054173157330577,3658817099552529609,8303,0.46
3659193755299481252,3658817099552529609,8303,0.88
3659348472906382550,3658817099552529609,8303,1.08
3659408748477413634,3658817099552529609,8303,1.13
3658225532232011290,3658782778468866383,8304,1.41
3658543982582175873,3658782778468866383,8304,0.49
3658665096364956615,3658782778468866383,8304,0.12
3659361551081559765,3659263789036018601,8305,0.34
3659390048189550465,3659263789036018601,8305,0.42
3659447386002915405,3659263789036018601,8305,1.19
3659505067413664320,3659263789036018601,8305,1.26
3659013787579706980,3659229566736608772,8306,0.32
3659065262762738405,3659229566736608772,8306,0.21
3658820771749554080,3658892643732195345,8307,0.64
3658824744594290160,3658892643732195345,8307,0.45
3658831775455733301,3658892643732195345,8307,0.36
3659014625098335275,3658907938110737945,8308,0.11
3659092312466768910,3658907938110737945,8308,0.48
3658838681763184905,3658836856402091180,8309,0.06
3658841452017082185,3658836856402091180,8309,0.19
3658844308170323855,3658836856402091180,8309,0.29
3658850501513142578,3658836856402091180,8309,0.68
3658795517341937135,3658816605631290370,8310,1.00
3658809450215802796,3658816605631290370,8310,0.46
3658814539752028039,3658816605631290370,8310,0.05
3658813337161255839,3658807693574248325,8311,0.37
3658823000837638394,3658807693574248325,8311,0.74
3658831509167825145,3658807693574248325,8311,0.96
3658835482012562590,3658807693574248325,8311,1.00
3658543514430985027,3658786862982862720,8312,1.84
3658576431060324860,3658786862982862720,8312,1.50
3658590754776250160,3658786862982862720,8312,1.44
3658602630360818055,3658786862982862720,8312,1.34
3658635744558654280,3658786862982862720,8312,1.31
3658682924774378000,3658786862982862720,8312,0.96
3658705237129469715,3658786862982862720,8312,0.77
3658728447132725907,3658786862982862720,8312,0.70
3658772195669575708,3658786862982862720,8312,0.50
3658785230895296280,3658786862982862720,8312,0.07
3659970959695479764,3659962867977124700,8316,0.50
3660012324525472240,3659962867977124700,8316,0.80
3660045992774079434,3659962867977124700,8316,1.10
3660068610071842935,3659962867977124700,8316,1.20
3660090883772223767,3659962867977124700,8316,1.47
3660116949928728045,3659962867977124700,8316,1.55
3660139159204607526,3659962867977124700,8316,1.66
3659939095333173825,3659947397504907671,8317,0.57
3659958594484693269,3659951473428973666,8318,0.45
3659899770612718483,3659930488218769920,8319,0.41
3659931987162402780,3659873214829995536,8320,0.32
3659749751700249035,3659816237793856266,8321,1.14
3659764741136074415,3659816237793856266,8321,0.51
3659773374020316270,3659816237793856266,8321,0.30
3659767507095050919,3659752693752885190,8322,0.62
3659782694099371380,3659752693752885190,8322,0.85
3659798160276574003,3659752693752885190,8322,1.29
3659573099695578015,3659733688522600550,8323,2.03
3659620511839526939,3659733688522600550,8323,1.68
3659651611697694665,3659733688522600550,8323,1.30
3659690253518418103,3659733688522600550,8323,1.16
3659719450706049865,3659733688522600550,8323,0.43
3659726064955669155,3659733688522600550,8323,0.13
3659727825892254785,3659733688522600550,8323,0.06
3659593114243177810,3659540990520106189,8324,0.32
3659638318773937190,3659540990520106189,8324,0.71
3659669135164262875,3659540990520106189,8324,0.85
3659709001050664689,3659540990520106189,8324,1.61
3659738198238295990,3659540990520106189,8324,1.90
3659744876912425479,3659540990520106189,8324,1.96
3659747496842470385,3659540990520106189,8324,2.02
3659341751282325810,3659520228648197740,8325,1.28
3659372288499781195,3659520228648197740,8325,0.91
3659429544708767893,3659520228648197740,8325,0.84
3659486148082725555,3659520228648197740,8325,0.07
3658563894050803437,3658525621597259784,8326,0.38
3658599344710847480,3658525621597259784,8326,0.41
3658611155870905955,3658525621597259784,8326,0.51
3658626188256434830,3658525621597259784,8326,0.58
3658663532997055835,3658525621597259784,8326,0.93
3658706847742215460,3658525621597259784,8326,1.07
3658724972504195850,3658525621597259784,8326,1.14
3658758524788695682,3658525621597259784,8326,1.46
3658795392787936476,3658525621597259784,8326,1.77
3658805696414461985,3658525621597259784,8326,1.85
3658414678297206464,3658507325036578450,8327,2.11
3658430853143990944,3658507325036578450,8327,1.35
3658437145271059240,3658507325036578450,8327,0.95
3658439700776594230,3658507325036578450,8327,0.90
3658443716571009180,3658507325036578450,8327,0.81
3658457438991501305,3658507325036578450,8327,0.75
3658479257425334720,3658507325036578450,8327,0.40
3658492142327205020,3658507325036578450,8327,0.07
3658431948360703415,3658417753493843503,8328,0.77
3658448827582125530,3658417753493843503,8328,1.14
3658455699529778900,3658417753493843503,8328,1.22
3658459221402954150,3658417753493843503,8328,1.31
3658464267989518420,3658417753493843503,8328,1.41
3658480051994310205,3658417753493843503,8328,1.78
3658502171075856180,3658417753493843503,8328,2.05
3658513273566301380,3658417753493843503,8328,2.11
3658423122202983870,3658399680271461618,8329,0.06
3658469095532934944,3658399680271461618,8329,0.36
3658442964951891595,3658764486203772706,8330,0.40
3658499370757405525,3658764486203772706,8330,0.34
3659078766140759179,3658739880336136273,8331,0.06
3659163123593432724,3658739880336136273,8331,0.44
3659079930076892280,3659297448695631114,8332,0.46
3659168814425096115,3659297448695631114,8332,0.39
3659351543808737610,3659286754227067160,8333,0.07
3659421779408942185,3659286754227067160,8333,0.41
3659508159791215590,3659286754227067160,8333,0.57
3659560214794852905,3659286754227067160,8333,0.71
3659364664933824534,3659953702518694129,8334,0.71
3659429475990333104,3659953702518694129,8334,0.64
3659516105480709629,3659953702518694129,8334,0.34
3659574259337908485,3659953702518694129,8334,0.14
3660600206765923734,3659946809096185530,8335,0.99
3660816217852002446,3659946809096185530,8335,13.11
3660862448879102655,3659946809096185530,8335,1.13
3660904513788809247,3659946809096185530,8335,1.22
3660909178123572620,3659946809096185530,8335,3.77
3660949117024485614,3659946809096185530,8335,4.32
3660962650466268867,3659946809096185530,8335,3.69
3661097710008872847,3659946809096185530,8335,13.64
3661110453176087725,3659946809096185530,8335,5.98
3661199651057757079,3659946809096185530,8335,15.66
3661221486670709815,3659946809096185530,8335,6.28
3661224729371035845,3659946809096185530,8335,6.35
3661225652789009630,3659946809096185530,8335,6.39
3661230308533579904,3659946809096185530,8335,6.82
3661237871971051249,3659946809096185530,8335,7.31
3661239048792067580,3659946809096185530,8335,7.26
3661280735745430589,3659946809096185530,8335,15.72
3661330123574423860,3659946809096185530,8335,16.93
3661422731659334115,3659946809096185530,8335,17.34
3661533365721929420,3659946809096185530,8335,17.41
3661714845270043803,3659946809096185530,8335,17.10
3662361852028348875,3659946809096185530,8335,16.48
3662951104361419809,3659946809096185530,8335,16.37
3663322580377773097,3659946809096185530,8335,16.07
3663615157844908005,3659946809096185530,8335,16.06
3663665628005597197,3659946809096185530,8335,16.02
3672156817001520125,3672154046747601469,8336,0.08
3672161069019160890,3672154046747601469,8336,0.39
3672167382621113835,3672154046747601469,8336,0.70
3672171011868497630,3672154046747601469,8336,0.81
3672174963238430390,3672154046747601469,8336,1.15
3666977275421884538,3667108980594107300,8342,1.07
3666983095102604016,3667108980594107300,8342,0.61
3667023553694558993,3667108980594107300,8342,0.35
3667256452591200435,3667187582790613402,8343,0.12
3667431287824890704,3667187582790613402,8343,0.92
3667763224372330572,3667187582790613402,8343,1.60
3668095285473848759,3667187582790613402,8343,2.19
3668257630942668790,3667187582790613402,8343,2.21
3665680281197276437,3665495279775954255,8345,0.32
3665770797633044879,3665495279775954255,8345,0.38
3665807304855062994,3665495279775954255,8345,0.47
3664195575427434794,3664372291856861213,8351,0.09
3662804031792705435,3662902386543807945,8353,0.10
3657023027287248501,3657038454809904251,8355,1.33
3657039275148586053,3657038454809904251,8355,0.72
3657039799134628690,3657038454809904251,8355,0.07
3654954360585518543,3657026957182455435,8356,14.92
3654977471804626303,3657026957182455435,8356,16.09
3654987960115129906,3657026957182455435,8356,22.82
3654992328096371797,3657026957182455435,8356,14.24
3654999711146042755,3657026957182455435,8356,24.63
3655002142097639841,3657026957182455435,8356,25.18
3655002670378660249,3657026957182455435,8356,25.58
3655003383343258480,3657026957182455435,8356,25.77
3655003898739344914,3657026957182455435,8356,25.82
3655006140712337859,3657026957182455435,8356,27.19
3655012230975010345,3657026957182455435,8356,16.13
3655116293737407664,3657026957182455435,8356,13.96
3655222856170966260,3657026957182455435,8356,13.48
3655248132053497915,3657026957182455435,8356,13.36
3655332979132412615,3657026957182455435,8356,13.34
3655491596569587988,3657026957182455435,8356,12.89
3655673097592512175,3657026957182455435,8356,12.46
3655796406103391756,3657026957182455435,8356,10.62
3655796612261747542,3657026957182455435,8356,9.57
3655796638031767726,3657026957182455435,8356,11.90
3655796964449255940,3657026957182455435,8356,11.35
3655797243622068775,3657026957182455435,8356,10.68
3655797286571738639,3657026957182455435,8356,10.67
3655797436895600160,3657026957182455435,8356,10.74
3655798231464565055,3657026957182455435,8356,11.01
3655798596536801620,3657026957182455435,8356,11.09
3655799270846682047,3657026957182455435,8356,11.33
3655857093991155615,3657026957182455435,8356,9.01
3655968917759612946,3657026957182455435,8356,8.35
3656015707133299615,3657026957182455435,8356,7.57
3656033965039266257,3657026957182455435,8356,7.53
3656080281966573030,3657026957182455435,8356,7.37
3656123983258799040,3657026957182455435,8356,7.19
3656235716832977120,3657026957182455435,8356,7.09
3656451603364058002,3657026957182455435,8356,6.49
3656576823135542090,3657026957182455435,8356,5.77
3656589493289062180,3657026957182455435,8356,5.73
3656628319793408450,3657026957182455435,8356,5.69
3656670152774860954,3657026957182455435,8356,5.49
3656764818149008610,3657026957182455435,8356,5.43
3656843343036056824,3657026957182455435,8356,4.91
3656852040344828024,3657026957182455435,8356,4.88
3656977968785895829,3657026957182455435,8356,4.84
3656984531495637006,3657026957182455435,8356,1.26
3656985704021686110,3657026957182455435,8356,0.92
3656987078411279525,3657026957182455435,8356,1.72
3656989569492335470,3657026957182455435,8356,1.80
3656995273208801667,3657026957182455435,8356,0.76
3657012092300885163,3657026957182455435,8356,2.82
3657019870486472097,3657026957182455435,8356,0.48
3657039403998026075,3657026957182455435,8356,3.67
3657043965253272645,3657026957182455435,8356,3.30
3657044703987625804,3657026957182455435,8356,3.18
3657030650854064910,3656996475799369485,8357,1.14
3657030917141974448,3656996475799369485,8357,1.39
3657032154092529130,3656996475799369485,8357,1.73
3657011486710125369,3656984308157021300,8358,0.59
3657026330117158974,3656984308157021300,8358,1.30
3657027128981111070,3656984308157021300,8358,1.36
3657040744027004007,3657034215676787425,8359,0.99
3657048105600890192,3657034215676787425,8359,1.32
3657049248062174625,3657034215676787425,8359,1.35
3657049913782099895,3657034215676787425,8359,1.44
3657017830376686671,3657021566998101215,8360,1.73
3657018539046227410,3657021566998101215,8360,0.59
3657019054442276550,3657021566998101215,8360,0.33
3657053392705587269,3657050858674899820,8361,0.35
3657055995455720206,3657050858674899820,8361,1.08
3657028675168902201,3657036599383482330,8362,1.36
3657034834151945340,3657036599383482330,8362,0.35
3657035521346696743,3657036599383482330,8362,0.04
3657051880876907806,3657054316123436890,8363,0.76
3657053573093970394,3657054316123436890,8363,1.15
3657078196141458370,3657054316123436890,8363,1.21
3657037501326609389,3657040421904233175,8364,1.12
3657038897190963450,3657040421904233175,8364,1.09
3657043402611607796,3657040421904233175,8364,0.74
3657292729757831600,3657119625395977909,8365,0.86
3657037393952220154,3657115755630441026,8366,1.20
3657040013882219292,3657115755630441026,8366,0.51
3657064237497746400,3657115755630441026,8366,0.06
3657288043948508741,3657528012361211500,8368,0.77
3661391481473260135,3661681885686944140,8371,0.48
3661467652718245485,3661681885686944140,8371,0.41
3661536093022099040,3661681885686944140,8371,0.11
3661559006672620550,3661681885686944140,8371,0.08
3661794907751327535,3661691549363361965,8372,0.03
3661761879452900629,3661976069472010530,8373,0.27
3661798945020675195,3661976069472010530,8373,0.12
3660915148125310385,3660994497646103680,8375,0.24
3659622938494821544,3660000427465438217,8376,0.46
3659737609826657895,3660000427465438217,8376,0.37
3660037561752681886,3659770612355363092,8379,0.48
3658530260160017203,3659414009810707730,8380,1.55
3658620282674541909,3659414009810707730,8380,1.25
3658704528458053270,3659414009810707730,8380,1.19
3658875936307868419,3659414009810707730,8380,0.91
3659008075271696207,3659414009810707730,8380,0.50
3659132242776222619,3659414009810707730,8380,0.38
3661761879452900629,3661976069472010530,8382,0.27
3661798945020675195,3661976069472010530,8382,0.12
3660448246525585176,3660696598714459693,8384,0.49
3660485002855686760,3660696598714459693,8384,0.36
3660536426499108734,3660696598714459693,8384,0.09
3660946522861409534,3660738427400955131,8385,0.12
3660554658635281375,3660470722089442687,8386,0.11
3660283371320965343,3660517150685865417,8388,0.26
3660283371320965343,3660517150685865417,8389,0.26
3662826185233656810,3662724506177892444,8390,0.20
3661150280404896081,3661331635398963210,8392,0.55
3661390042659219395,3661356142482355472,8393,0.07
3661477612747407099,3661356142482355472,8393,0.42
3661566243692516504,3661356142482355472,8393,0.50
3661588190975396335,3661356142482355472,8393,0.53
3661795337248054175,3661915969994486193,8396,0.03
3663830400127068770,3663571688477030259,8401,0.16
3663891259813652220,3663571688477030259,8401,0.23
3664564375677498345,3664573867555151737,8402,1.29
3664596514917834440,3664573867555151737,8402,1.34
3664591811928499310,3664587439651804757,8403,0.05
3664594719621345989,3664587439651804757,8403,0.28
3664611787821319691,3664587439651804757,8403,1.40
3664583479691724444,3664622284721312611,8404,0.91
3664597885011980566,3664622284721312611,8404,1.21
3664611396979078505,3664622284721312611,8404,1.25
3664641320016164931,3664622284721312611,8404,2.66
3664662528564605565,3664622284721312611,8404,2.74
3664674679027056938,3664622284721312611,8404,3.31
3664665839984289636,3664678450008301927,8405,0.32
3664671182923620220,3664678450008301927,8405,0.04
3664566896822428007,3664616800047596696,8406,1.34
3664576027922959710,3664616800047596696,8406,0.03
3664574202561713015,3664572510344612330,8407,0.03
3664574224036535574,3664572510344612330,8407,0.31
3664577488211609125,3664572510344612330,8407,1.62
3664581203358259790,3664572510344612330,8407,1.65
3664592155524826549,3664572510344612330,8407,2.47
3664614553779236655,3664572510344612330,8407,2.51
3664631347101177943,3664572510344612330,8407,6.61
3664578390155699295,3664610662539811785,8408,1.29
3664581765999981377,3664610662539811785,8408,1.24
3664597700328593700,3664610662539811785,8408,1.01
3664571337819179509,3664665101249945792,8409,3.25
3664582470374358627,3664665101249945792,8409,2.49
3664598469127517480,3664665101249945792,8409,2.10
3664627473041602785,3664665101249945792,8409,2.06
3664650094634283815,3664665101249945792,8409,0.65
3664662717543137431,3664665101249945792,8409,0.57
3664652134743646080,3664603245130808420,8410,0.33
3664657932949512125,3664603245130808420,8410,0.37
3664554411352498532,3664559707047102940,8411,1.31
3664562734999178629,3664559707047102940,8411,1.35
3664905258642541529,3664626983416479157,8413,0.32
3664999211052137080,3664626983416479157,8413,0.38
3664997578964562785,3665111919583911669,8414,0.07
3666445455389728794,3666001514685104154,8419,0.08
3666481876712398850,3666001514685104154,8419,0.17
3666544583234920345,3666001514685104154,8419,0.33
3666602543818579790,3666001514685104154,8419,0.38
3668289701463358752,3668280986974721247,8420,0.09
3668161445150008729,3668242529837558938,8421,0.32
3668182340165893358,3668242529837558938,8421,0.28
3668215389939225000,3668242529837558938,8421,0.08
3668173840425655116,3668154414288557019,8422,0.19
3678117827880362725,3678222955795275937,8441,3.68
3678122311826215907,3678222955795275937,8441,3.87
3678131137984017900,3678222955795275937,8441,3.76
3678136979139545570,3678222955795275937,8441,3.68
3678149327170835175,3678222955795275937,8441,0.13
3678150783164761652,3678222955795275937,8441,0.07
3678152934943333214,3678222955795275937,8441,0.24
3678157835501051961,3678222955795275937,8441,0.28
3678161005186631704,3678222955795275937,8441,2.93
3678168714653174596,3678222955795275937,8441,0.76
3678171454842344246,3678222955795275937,8441,0.35
3678199578288135877,3678222955795275937,8441,0.79
3678205574062371182,3678222955795275937,8441,1.26
3678212832557068067,3678222955795275937,8441,3.65
3678218536273759030,3678222955795275937,8441,0.96
3678227340956725298,3678222955795275937,8441,1.27
3678265205388652485,3678216693732970687,8442,0.30
3678276651476513620,3678216693732970687,8442,0.39
3678288582895678648,3678216693732970687,8442,0.67
3664932626175235906,3665198561960287772,8443,0.36
3678119060536306232,3677855164860691100,8447,0.36
3678108567932099125,3678181238778616570,8450,1.53
3678123342619570950,3678181238778616570,8450,1.16
3678135067880268220,3678181238778616570,8450,0.94
3678142884720733130,3678181238778616570,8450,0.70
3678149584869702800,3678181238778616570,8450,0.63
3678163371714697800,3678181238778616570,8450,0.43
3678173787010371435,3678181238778616570,8450,0.07
3670669577200280370,3670775207626005597,8454,0.36
3670703550391607165,3670775207626005597,8454,0.26
3671130079298963665,3670917353863687690,8456,1.15
3670131812936624276,3669977675150298889,8461,0.11
3672276736783771553,3672487894555889464,8462,0.55
3672394479017211570,3672487894555889464,8462,0.28
3665666429927744355,3665765540593072699,8464,0.32
3665807304855062994,3665770797633044879,8465,0.09
3669072923109555180,3669078880229188524,8467,0.02
3669073030483740760,3669078880229188524,8467,0.07
3669073588829494470,3669078880229188524,8467,0.14
3669074318973938700,3669078880229188524,8467,0.16
3669070775625899985,3669064749786765077,8468,0.05
3669072021166419995,3669064749786765077,8468,0.09
3669072923109555180,3669064749786765077,8468,0.12
3669073030483740760,3669064749786765077,8468,0.16
3669073588829494470,3669064749786765077,8468,0.23
3669074318973938700,3669064749786765077,8468,0.25
