mlplink,tmc
3676597555489156090,119N05909
3668383258735962426,119+04684
3672212862031957464,119+04568
3656033965039266257,119N04675
3654271374885743157,119P04459
3671583602077555677,119P04681
3655150391482527152,119N04459
3682354860366664739,119+08110
3675840588978543514,119N05910
3658419325451910866,119P05951
3686234160723123586,119P08558
3657048389068569635,119P04670
3681177365015725240,119+07043
3668143775655367511,119N17205
3668539694330637155,119N17205
3656576823135542090,119-08549
3685762882551675417,119-08557
3655785892023503754,119P04459
3669526080814442679,119-13794
3669122293758523765,119-04421
3670806608134053135,119P17219
3650651529202759265,119-04666
3658576431060324860,119N14054
3659656422059284500,119P17472
3663441641162106611,119-04657
3672315215393009980,119-05043
3663677971741581377,119N05921
3669537677225226030,119-13034
3670652483232516300,119+04680
3672529787668315564,119P04386
3665399781180224070,119P05954
3672533485635160695,119P04386
3668479229782249898,119N05956
3674454186420606801,119P04390
3665581192006474964,119+07009
3672796440710924984,119N14197
3665882844742462082,119N05917
3668425761729995686,119N06949
3669703926819190280,119P13061
3677410841905468955,119P13053
3678974330259953671,119-14291
3655016590367704520,119+08610
3685169386792355205,119N04431
3668566482042892915,119+05957
3668145377678024835,119-04594
3672304258935155483,119P17219
3657087451796126695,119P04670
3670215431652525834,119N06950
3665713764764394685,119N05954
3672328400945276275,119N04441
3668943404077390637,119N04571
3665749004969383230,119+04587
3672745721443649695,119N04682
3669054583600821770,119P04571
3678096627923109595,119N16976
3664781670959662545,119+07009
3665863440077774129,119-12424
3667101825178585053,119+13792
3672559869619331625,119-04386
3669065621662764542,119-06949
3675800027307413188,119N05910
3663564262482438115,119N04559
3662892744345487909,119+17342
3662935346126103524,119+17342
3667150538697726849,119P05924
3666560998603129425,119N04574
3668310072494086896,119N17205
3669817468574282229,119N07146
3665683575438995562,119N04552
3664940765140386718,119N05953
3668813953762271409,119P17205
3672243102894748472,119+13001
3672758245567626403,119-04449
3664728232976577625,119N04582
3678094111072229500,119P17007
3665070335711386800,119P07008
3667193131888357935,119P04474
3669578256076422000,119N13036
3661925453283986275,119P04588
3662148538178813491,119N13882
3678178189351894270,119P04627
3661016608139376007,119-04461
3662781655013096966,119N13901
3672040960260897470,119N04568
3666596466441973895,119-12952
3668935488452674078,119N04581
3657757303483602948,119N07074
3681162027687518736,119N07043
3649983240881428146,119-04667
3666917652685835423,119+04424
3672722249445171180,119P04618
3674770734098093620,119P04440
3672625234724607879,119N04677
3672737324782584195,119P04682
3670806182932298860,119N04382
3678117029017613495,119N06998
3668507443422312262,119N17251
3673602631844572536,119N17267
3668418481764894843,119P05917
3672509236249788648,119-07138
3671537697467437899,119P17200
3672452985062785580,119+12929
3668890795021470225,119+13069
3658534709745264465,119P17472
3665805634114863534,119+04574
3681181582673608828,119+07043
3669714724366961829,119P07012
3665692848273373017,119N04552
3675759938082685580,119N05910
3664595320916630697,119N04653
3665686916921990235,119-09640
3666578513479762577,119N04574
3655323324045737913,119P04459
3671752145185624124,119-17270
3671327905493730194,119P04445
3672138705126441352,119N09647
3676616388920735760,119N05909
3668953029099111035,119P04571
3666310035071813445,119N07010
3670166009467528109,119P09647
3655584028560605393,119N05970
3657986031970256926,119-07045
3668203514354736495,119-04426
3668333222367827820,119P17205
3668398342661245467,119+13069
3672594341026783792,119N17285
3672694413763561200,119+14282
3672353234447711954,119N17285
3665435880380346810,119P05954
3666582572223856234,119N04574
3665672249611037249,119-05921
3668778975548031460,119P07152
3670947912555744630,119-04639
3670631223144635740,119-04382
3671489593833381545,119N04681
3661934150592754530,119P04588
3670937458604479716,119P04631
3670744374059419035,119N08559
3655018553167823680,119+08610
3662975306502107038,119N04477
3672612440019010430,119N17285
3663145580479813029,119-05953
3670157359403395650,119P04569
3664602570820478960,119-05698
3666893081177937101,119-04423
3663332914065132260,119-04658
3663018732916188906,119-04557
3664893949997059937,119N05954
3664978513608138825,119P04556
3680754804657955850,119+14288
3664171888685567544,119P04558
3659310144615863340,119N17472
3668342370647961340,119-05928
3676628414829165810,119P05909
3677105486910840102,119N05907
3668425242042126950,119N17205
3670091796727084600,119+12929
3670751203055898603,119P17219
3670971788279195244,119P17088
3661152659820460040,119+04561
3668366027327170635,119+04684
3672302502293544070,119N04682
3670478515583141395,119N04570
3668276133661780611,119+04380
3658673269687822569,119-04460
3664901371700922015,119N05920
3668556990165179375,119-05956
3679285827058818097,119N07042
3662659995770736334,119-04466
3664991535946421613,119N12421
3672824061647118649,119N04682
3674083818505578765,119-05899
3672037975254309913,119N04629
3676580869541193750,119N05909
3670670165612869722,119P16920
3665806020662436265,119N05917
3684877586715438649,119-07043
3668583640437306335,119P05957
3672143373753949607,119+16906
3664275294318186615,119+05921
3661641912430370159,119N05921
3667962772849358357,119N04573
3671327952738370050,119P04445
3671884215429429645,119P17226
3672498318442924923,119-07138
3661288505340415208,119P05951
3671846892164226045,119P08559
3665030950864212129,119+17342
3666983095102604016,119+04427
3670739224392108724,119N17219
3669596050126952805,119-04543
3671212993641274275,119N04630
3667212600975114530,119N04474
3662289383044271695,119P05952
3686160617998102791,119N08558
3664851133468103682,119N04556
3670229845563890125,119+04644
3673342464198114047,119-08551
3675335457872172185,119-04624
3667155288931525935,119N14040
3664995860978475290,119-07008
3670506239597023090,119P17298
3671887556913951947,119N17226
3689224115092582255,119-05150
3670311999700905930,119N04569
3670694810135196165,119P16920
3661819075534072401,119+04589
3662819016933596431,119P13901
3683083046299967003,119-07043
3664651232805603925,119P05920
3662951104361419809,119P05921
3666837766293743349,119P16811
3670818118643364577,119N06951
3662272284779470695,119P05952
3672480867990809491,119P17200
3665789184390635935,119N05917
3684953388593245129,119-07043
3650469465540169065,119+04459
3667349876719858901,119P16509
3650026998009319407,119+04459
3660831881597730146,119+04561
3669088062869223340,119N12427
3670673021766112820,119-16919
3678117827880362725,119N05982
3678108567932099125,119-14303
3672704146161082000,119N17268
3650513703703328000,119-05037
3672096833489577739,119P04682
3668577348310280655,119P05957
3651446420275074300,119+04667
3668969959858545415,119-04686
3668938752627818009,119P04571
3661797708073091040,119N05952
3670638756517070115,119P17219
3676272778649571563,119-05983
3689077012462699910,119-05151
3677298283697540357,119P13053
3656235716832977120,119N04675
3656589493289062180,119-08549
3668486097435020005,119P05917
3670920974520038566,119N04631
3667408077821624209,119P04474
3664935903235016779,119P07023
3689352375699494964,119-05878
3668447442728078894,119+04546
3671762964205954896,119-16930
3665798397095495240,119P05917
3669663223412313310,119N16836
3675567257257067154,119N04624
3668329507221780576,119P04580
3665084101081571690,119-07008
3680753516167768055,119-16952
3658543900978003386,119-04460
3684801887916844500,119+09614
3669580321955633178,119N04718
3670455795202276335,119-06950
3668569883656965869,119P05956
3663330637732457490,119-04658
3673434333550851898,119P09647
3671384809516256985,119+04681
3669099637806206315,119+16914
3673183919776221831,119+14282
3683024578910164306,119+09613
3678010788705715555,119-14255
3664561038486936864,119N04651
3666291266064725919,119N07010
3676809507829897434,119+05908
3666437814643860014,119+09559
3678095764634678934,119-04708
3672814634193902235,119P04682
3676584756486595660,119N12929
3682305438173594484,119N05876
3669571667596402703,119P04605
3670441707713276235,119+04389
3671781149099202434,119N04569
3677951522453010575,119-04708
3665789570937691640,119N05917
3671502182382520264,119P17219
3672512135352729514,119N04386
3664053158609058099,119N05953
3664265231209232401,119N05953
3670659720252404110,119-16919
3670952576892464119,119+04680
3678007782229632353,119P04709
3670788629400944351,119N17219
3684997957468873688,119+09614
3668575265251072025,119P05957
3669074598146762712,119-04724
3664806255355182139,119N05920
3668885082714936225,119-04426
3686764687968434474,119-08557
3672549329769511392,119P04386
3661151517357103595,119P04462
3664996664139924124,119P04556
3666155669654093965,119N07111
3650448510394737559,119+04459
3672452997946147026,119-04677
3674126355861677000,119P17298
3670206790179495394,119N04644
3662862920090580510,119+04588
3672583758225964848,119N04443
3654269665488760565,119-05038
3676632284594681913,119N05909
3668027790063366043,119P17204
3678126855902804313,119N14303
3669695414193999056,119P07012
3686231107001365038,119N08558
3668355384399212610,119P04578
3664977830708330585,119N04556
3670912702413000696,119N04631
3664390356492044850,119N05921
3667174934112469084,119P17205
3668535042881907875,119P04581
3664455189021429456,119P04589
3668213972600840535,119P04546
3672289359690030056,119N04629
3664072408652491727,119+05953
3665748373609195258,119+04587
3667948994593362010,119P17204
3676617037460814815,119P05909
3681189111751280765,119P07043
3669662729491070620,119N16836
3672291661795796415,119+14144
3664187268963418960,119P04558
3664983289609281194,119+07009
3652099663323902255,119+10220
3666841816447910220,119-04415
3671644693693718760,119P14319
3667117622067893372,119P14154
3662716006439233680,119+04467
3663286670153992073,119P04465
3672172583828451343,119P17285
3647886390602705308,119-05642
3670621559468000855,119N16920
3655321223806948229,119N14029
3685170610858038885,119N04431
3655468051558721566,119N04459
3676413301392278250,119-05909
3655379467858434186,119P05971
3666714694006228225,119P12427
3669466213265042570,119P14143
3671930794349333735,119N17200
3674635627311862072,119-04708
3668446768419523982,119P05917
3671186424976838662,119P04680
3669558512111786130,119N04721
3670198938979317477,119N04644
3668474019987018953,119P05957
3668894394204054656,119+04428
3672839205701293917,119P14223
3664655506298062226,119N05920
3668095285473848759,119+04380
3672506942737260785,119-07138
3649686918203848194,119+04459
3664873690636337735,119N04556
3670920669581338552,119P04568
3669704884598154654,119+04602
3672638750986688967,119P04677
3668096307676688025,119N04543
3655677336722255866,119P07003
3678950166773861605,119P14291
3670672867147531577,119N04682
3672064831684814594,119N04629
3671980358268052015,119N04629
3670621971784873858,119N17219
3662661146821951097,119P07050
3665781453447267415,119N13064
3672565740839566935,119P04386
3673383532677666715,119N09647
3665051472215014501,119P07023
3670493719767358420,119N17273
3672699666507845700,119P14197
3670501953219666768,119N04389
3678058308224904150,119+06994
3650620549604753545,119-05037
3660995021633735533,119P04462
3678205574062371182,119N11391
3666753262812217453,119N04606
3660874290103936195,119N05951
3664968218571520048,119N04556
3664748664135999875,119N04582
3668977531887533710,119P04571
3676082292555099212,119N05874
3676657727980965999,119P05909
3672275366689875502,119-16917
3669665048773416990,119N16836
3667104329144563507,119N04474
3675850488878162520,119P05910
3676285096615773399,119N05983
3659408580972038264,119+04671
3678341071691152007,119N04625
3658122431538683420,119P07075
3663174992414362362,119P04465
3668663458105850153,119-06947
3674116395832518769,119N05899
3672418908788347230,119-05043
3658856467222807113,119P14054
3671695039300507168,119P05915
3669533644249948595,119N14248
3668731258462768820,119-04571
3664391473183544732,119P05921
3665889175521805826,119N04606
3666943744612218116,119P04456
3672482633222417015,119N17285
3672105556566814109,119N16873
3664892743111244892,119N05954
3670920570793060338,119N04631
3659329347416826262,119P14054
3671270872623826025,119-04680
3668189005954943845,119-04419
3672270590682807195,119-05043
3668033077168108977,119P17204
3668192807002035447,119P17197
3682844160217844664,119N04432
3667705560141329375,119+04455
3655241152731646775,119N14029
3664378158784925762,119+05921
3681384691677047615,119N07105
3672511632840080598,119-04441
3661002786935812735,119P07115
3670499930290061520,119P17298
3666095630307211880,119N05917
3681249030840037514,119N07043
3677164675855111462,119N05907
3673519979488869268,119P05043
3664088544845203958,119P04558
3660601353519398065,119P17472
3656015707133299615,119N04675
3671415359618957318,119N17200
3668884846491767405,119+13069
3670286848369825638,119P04643
3671588240642234152,119P04681
3665781732620129300,119-04609
3661237893445798020,119P14313
3667009363123230897,119P17205
3657902164143867824,119P07047
3669250373978207971,119-04722
3679555529530164456,119P07042
3668222695678400600,119N04419
3669859855606717270,119N13015
3668635721210654845,119P05917
3678150783164761652,119N04624
3663343264936337933,119N04659
3672146423180622060,119N16873
3669916626482779350,119-06949
3670493225846053521,119-09647
3671545299559554625,119P04385
3672672792898341178,119P04451
3664729422685226855,119N04558
3672044331810227315,119P04568
3665789356189348710,119P05917
3676729213416554769,119+05909
3670338134577730995,119+05916
3662317901625632704,119N04466
3677856934388347865,119-04709
3679732988988318988,119+13058
3678108374658594985,119P04628
3655798167039863843,119N04676
3676649138046376335,119P05909
3686906052523485481,119-04430
3662036950636398475,119P05952
3666825989494436791,119P07153
3672514944261359742,119N04386
3663361917979225382,119N04658
3670959775254725411,119N06950
3654970625626668361,119+08605
3665806858181079895,119P05917
3664728615229666834,119N04598
3664600324556446668,119N04590
3668155908937979184,119N04576
3669359350183388041,119P16784
3652640640226673754,119N04668
3670795071851890140,119P17219
3664989220959118599,119N13003
3666200083910883605,119N17325
3668576167194233360,119P05957
3672836280828564560,119P14223
3677904922057934700,119+05904
3656628319793408450,119-08549
3677949740041588655,119N16976
3663607126256063235,119N05921
3669108485438768935,119+05923
3661547947134894635,119+05951
3664997621915075160,119P17391
3673293192334898490,119+04682
3659538439308244810,119-04671
3669525153101514802,119N04373
3666693223464688528,119P04683
3672292340399441904,119P14197
3664866689840006280,119N05920
3669802857098067510,119P17319
3670163243508590205,119N04569
3671844044600762076,119P14319
3678328805264535792,119-17112
3650413502116299375,119+04459
3669192044027484980,119N04687
3664911817060384171,119+05951
3668394932458692027,119P17241
3668547927784145030,119N05956
3678180375490255338,119P04627
3668392514391114247,119P17204
3674354109387547121,119+04390
3672614338392580805,119N14197
3676232865518552594,119N11391
3684803021788213399,119-07043
3664677754225963155,119N13004
3663327034255154475,119P04661
3665016884843388130,119P07008
3672364813677994466,119N14229
3674061055178911565,119+17268
3650350421931629489,119-05037
3664046780582630235,119N05953
3669791660118316121,119N17319
3669554908635241730,119-04544
3658564392266967404,119+04461
3671834587082757712,119N14319
3678152114605451149,119P06998
3668222090089040170,119+04547
3665242435053335280,119P05954
3662871127773080691,119-04587
3666195359444983025,119+07010
3666824151247409302,119+04415
3668561907902780895,119N05957
3678864095629287226,119-14291
3674676253407510334,119+04709
3666676009236310976,119+13795
3676796618633041736,119N05908
3664596514917834440,119-04654
3665808876815687116,119N05917
3664885995715917710,119N04466
3668213302586609845,119-04579
3671185583163254296,119N04680
3677138674123308563,119+05908
3663329727199375161,119-04658
3680192979986329635,119N07043
3663134520939797887,119N04477
3668847480276308105,119-13791
3670493307450448414,119N17226
3665747922637617069,119-04586
3665050943936973950,119+17342
3671818987761702870,119N08559
3678888018597143825,119-14291
3672267025862192815,119N04677
3668204364759660626,119N17194
3685059830766574204,119N04431
3663347547022499639,119P05920
3665819163260167915,119P04610
3668559043159407397,119P17251
3671408423248018049,119N08559
3672337317298446012,119P04682
3668561890722887047,119N05957
3686434980511642914,119-09613
3675757687519827912,119N17299
3684876560218252165,119+09614
3671759145981790572,119N17281
3661758018280309169,119+05951
3665671974733134110,119-05921
3685823059339964600,119N04431
3664184734932750500,119+05921
3668574685430421810,119+05957
3671313371326110720,119P04569
3685707344332242791,119+09614
3668272787883675314,119N04580
3659407000424074921,119+04671
3688151073348275690,119N04430
3669488083238115833,119N04419
3670116063292048650,119-12928
3670146763718279454,119P04679
3666189655727502892,119+17162
3669677504178571800,119P06950
3678868936057429032,119+16948
3668210214503445455,119-04419
3668742081779005290,119+04370
3672209868437497202,119N16873
3650439679941979590,119-05037
3667220868787154930,119P04474
3658244838106875997,119+07076
3668152919639695295,119-04418
3675665006420996039,119P05940
3670643571175388408,119-04679
3667539856006443575,119+17162
3667736144605536639,119P05917
3668773628313747500,119N07152
3673403564405126900,119P09647
3662219207570692825,119P13882
3669613620839001570,119-04572
3658705237129469715,119N14054
3661320618810881109,119N05951
3663390256173416484,119-07109
3670446470829232515,119N14251
3672522396029256082,119+12929
3658337952998419655,119N17472
3665541669718717614,119-04598
3672623967709254187,119N04677
3670507012691138915,119P17298
3671766138188865559,119+17270
3685233961625653045,119N04431
3678161005186631704,119-05982
3672481422041599399,119N04386
3666946532045956697,119N04424
3669528361441100508,119N13019
3672687000650783519,119P04682
3661346109442702717,119+04561
3672789633187763436,119N14197
3668675698766305952,119N05957
3658371591185227747,119+04461
3669769992004324915,119P06950
3676354456042636148,119P14100
3664914900847529775,119N04556
3669347822492950489,119+04571
3670918711075603273,119+12929
3664943698600674438,119-07008
3671866734912564469,119P17281
3650320000678260885,119+04459
3668470854594477245,119N13795
3667786387128603165,119N16836
3668496602922914880,119N04687
3668411261923330795,119-04373
3678149327170835175,119-11392
3664194776566271506,119P04558
3664082643560125536,119P05921
3668918815388095561,119P16751
3672189759400617823,119N16873
3687978660477271717,119+09615
3664962647996439125,119-07008
3672166390483713414,119N16873
3657099220006513215,119P05966
3681867665042674845,119N14298
3670905065961305846,119P04632
3687010875496505205,119+09614
3669573729181621173,119P04373
3672261012909459355,119P04682
3672354505758144891,119N04388
3688645514278353115,119-04429
3668931983759343955,119-17319
3670173757587736834,119-12928
3670514808056808125,119P04570
3661000871380412335,119P07115
3669362640128351102,119+04723
3670963597776583519,119N14251
3668879499257483489,119-04427
3684729260019872495,119-07043
3666776764873570449,119P04468
3678063801488077025,119N17017
3660091850139310267,119P04402
3671764020769890970,119P05914
3665663986093967035,119P05917
3662160624219693284,119N05952
3670490807779432592,119+09648
3648164957886556255,119-05643
3666444196966402333,119P13794
3672647946511669075,119N04677
3649186743491206886,119N04665
3658682924774378000,119N14054
3665780981000880850,119-04722
3669234289327953472,119N05917
3664910047532772085,119N04466
3663324306950673570,119N07110
3678895083818345685,119+16948
3666292116468253676,119P07010
3659653273848224247,119P04400
3663253027675158444,119P04465
3670585159620141946,119P04679
3672300629686733662,119P14229
3676599531174091909,119N05909
3669126275193253956,119P12427
3665707043139473330,119N04598
3664882430894771278,119N04556
3672904849981943100,119P04682
3672348222220429195,119P17219
3668160182431700849,119N05917
3672515317923151865,119P07137
3672900713926891885,119N14197
3670995586692031995,119N06951
3680901756963994510,119-16952
3668185754665703770,119P04546
3656063604608551163,119P04675
3681191800400806729,119+16950
3664107464176131395,119+05921
3665716938743383240,119N04607
3672360153640018738,119P17285
3669583629080514620,119N13036
3674045421497954255,119+17268
3668552158326721475,119+17251
3656240217959270842,119P14029
3657988136504230419,119P07047
3672624148099851050,119P17285
3661250451930232013,119P14313
3668298798204285089,119P14040
3656670152774860954,119N08549
3671067368480557696,119P04633
3680450643664350552,119N07043
3665993105139090310,119P13864
3669093526067623926,119N12427
3669406861111619831,119P04722
3665566017889415160,119P05954
3669133005407038445,119P04725
3669777680000307286,119N05917
3669843581974924687,119N14248
3672487104281854324,119-04441
3677432028981774312,119+04392
3678939304801570082,119-14291
3676072620288873031,119N11392
3668253464825183220,119-04547
3663341396625503895,119N04658
3665776475581583006,119P04552
3667880764742903051,119P17204
3669841790974123696,119-07146
3668338268954551490,119P04550
3664747830913349514,119N04598
3664329986431732329,119N05921
3664990784327168668,119-04408
3666984645585761310,119+04425
3668563539990417905,119N05957
3668776634791442410,119P17205
3671581978580262585,119N17200
3665721573013117296,119-04607
3669128156388874140,119-04421
3664887769539495633,119P05920
3667767222984535501,119+06949
3661042807442348539,119P04561
3670514159516718064,119-17268
3671034735319570857,119+04640
3668163004223919590,119P04545
3655230355183646686,119P04459
3655513350578787708,119P04459
3664904296573272552,119N04556
3649013012064062799,119-04664
3671232759084936307,119+04569
3678074272618315720,119+04709
3680566779579016511,119P04434
3664984865864593085,119P05954
3660974697848491540,119P04462
3668450380486987498,119N05917
3662770664193056228,119+04467
3672203825420763985,119-17268
3666988919078279597,119-07151
3665753407312229842,119N04552
3658507891969444549,119P17472
3664126881723272574,119P04558
3649822295571934525,119N04666
3665881461762996550,119N05917
3650268770308359951,119-05037
3676636961814070140,119N05909
3655459865351079551,119P04459
3669395148735796280,119P16784
3661128341715614303,119+04561
3672530930129619395,119P04386
3668436112601181256,119N06949
3651725786422825580,119-04667
3669503003955161794,119N13798
3677023921186182006,119N17007
3676800475511276547,119+05982
3664731338240653077,119P05921
3677360706752202380,119N14307
3667104771526190894,119P04474
3668626641649786592,119P05956
3670974695971108702,119N04632
3672878972804519270,119P17285
3675800065962638280,119+07266
3677576769376422426,119-06997
3664170475641328921,119P04558
3677447615415218570,119-05904
3667754346674843717,119N04685
3665786847928448783,119P05917
3678085997879047468,119N16943
3661134234408709494,119-04461
3669411044410054276,119N13792
3671038523480190288,119-04632
3663335366491468648,119N07110
3680068421639458854,119-16949
3670400553336793922,119N04570
3659717444954621497,119P17472
3665569492516860845,119-04598
3664824839678683277,119P05921
3672215116888661941,119N16919
3681163930358035836,119N07043
3669808341768658102,119N04645
3655550673843119120,119N04669
3665486818691385214,119N04599
3664983281019328852,119-07008
3672518728127574568,119N04386
3664184885256603367,119P04558
3668244166220948260,119+04596
3669433047527484007,119-07151
3685802679721295945,119+09614
3679823380870451619,119-16949
3668522428562878414,119N17319
3671853240125743473,119N17270
3676956679179654915,119N12929
3668874216447725100,119+13792
3687009715855337860,119-09613
3668413104461367793,119P06949
3669468747295361505,119-04419
3670644833895996310,119+04383
3664989345513206781,119+04410
3659627521224351849,119N17472
3665702155467500236,119N04552
3678101889258042475,119+04709
3678870757123572543,119-14291
3670660072439957060,119+12929
3663336315679359838,119N04660
3670561653264138182,119N16920
3663330079386704110,119-04658
3664996354899776850,119+04409
3663388125869687720,119N04658
3665781500691882820,119N04420
3666248857557641821,119N07010
3666813525498669264,119P12427
3666856019905118642,119N14048
3668449379757492380,119N04451
3654212855956333754,119P04459
3666226132885665535,119+07010
3676664071647660479,119P05909
3669601655060124015,119-04572
3664922073440329950,119N07008
3666032150690580209,119P05917
3663694799423362333,119P05921
3668584177308211185,119P05957
3666825821989692786,119-04415
3670670126958165205,119+04680
3665777888624524900,119N12427
3666773973144826955,119+04469
3666198447528345135,119N07111
3675739287880405688,119P04391
3671144149611191775,119+04635
3670171988058315268,119+06952
3689004964386312271,119-05151
3681986944875127177,119N04433
3686766126782479424,119-08557
3668332745626260174,119-04600
3658590754776250160,119N14054
3668272289666628040,119-07153
3671749791543338730,119-17269
3680193796030113475,119N07105
3677397471672199057,119-05905
3684585808112184690,119+09614
3681146209322972409,119N07043
3672463580747467821,119N04386
3666976631176838194,119N07151
3677342225507955017,119P05906
3680126133114860844,119-16948
3689152260289722945,119-05151
3672297928151950440,119-04677
3670491920176058099,119N17273
3666839604539752640,119-04415
3666254479669825280,119P07010
3680085021686030354,119+04726
3668528256829543205,119N06949
3668584237437776914,119P05957
3669701856647135110,119+04573
3670079989858842219,119P06950
3666594211584144415,119N13798
3669675245025777178,119P06950
3666977275421884538,119+04425
3669677053207959530,119N14248
3668351175330259425,119P13041
3670200562476901320,119N04644
3666960181452034267,119-13067
3669049309379378402,119N04424
3670515044280000535,119P17281
3678199578288135877,119N17063
3674119101661916730,119P05899
3664991050615103965,119N04408
3680124612695651383,119+07102
3673172624013562592,119-04387
3667786047826202582,119-17162
3668248740360918212,119N17204
3668867258601387870,119P17205
3668382382562635374,119-04451
3655015215978131809,119+08610
3678293041072080330,119-17112
3673440410928903865,119N04681
3667586288900192869,119P17204
3668595687820566940,119P05917
3668515582385010349,119P04572
3680450570649902995,119N07105
3670686804316421641,119+12929
3662857345223028040,119P04466
3655506852293275756,119N04459
3673395532811476411,119N05043
3685736958131750877,119-07043
3672111930300096494,119N17285
3677254208743318149,119P14273
3667056564813211862,119-13791
3664873347038947185,119N04556
3668887724119853480,119+13069
3659436897691436588,119-04673
3665781109849894935,119-04722
3668908606250716335,119P04454
3668134726159244621,119N04545
3668582158673556925,119+05957
3664994662682633553,119-04408
3666056133786991377,119N07111
3664271042299990685,119N05953
3669016298261532323,119N17205
3666821758950646445,119-04415
3670081471625701345,119+12929
3668321617365350238,119P04686
3658235346228986359,119N07075
3665893453311162144,119+04574
3668181549892548590,119P17204
3671854545795945980,119P05915
3664875301249435967,119P05920
3670641359267214479,119P04679
3673864508885510624,119N17267
3672606598861512817,119N14197
3664674567358628430,119P04655
3676519902480504580,119P05909
3668337087838532780,119P04578
3672220163475505318,119N04682
3661009345349668033,119P04462
3674130998721325875,119P04389
3655559336792158162,119N04669
3671187112171902297,119+12929
3666543621165991038,119P05917
3668378255099685623,119N05928
3670983002437856218,119N06951
3655679475618811175,119P04459
3672947627854648832,119N14197
3666369434469529569,119-07010
3665816607753916550,119N07009
3666992548327636930,119P05917
3668339750718756360,119P04580
3664723555759902489,119N04558
3662997348274302231,119P05921
3668336228844963279,119P04547
3665778683193450015,119N12726
3670808553754238104,119N17219
3672568596992846885,119N04386
3670620292452643134,119-04679
3667931539847685436,119N05917
3668111722314459326,119N04577
3658439700776594230,119N14054
3671170280194774386,119P04680
3663583946313470624,119N04657
3664982984666606131,119N13003
3670499363354362581,119P17226
3665355336858602496,119N04554
3664376642659091335,119-09640
3666419707063997488,119N04574
3672629336419095676,119P14281
3655394289790372205,119P04459
3672819938477748948,119+14282
3651592036844173100,119+10220
3670531665803444290,119P04570
3677967130363144942,119-14255
3667985905541723406,119N04475
3674765730461195073,119-04708
3675146389118797684,119-04682
3670689312577056980,119-16919
3667755098291925835,119N16836
3668870200653306549,119P04428
3670369655341079933,119-12928
3665485427121980189,119N04599
3669629851518254145,119-04646
3662976015171442736,119-04557
3672284871452482320,119P16919
3665255727974720037,119-07008
3676063540727994683,119N04622
3675870413232019471,119-07135
3677944289728083855,119N16943
3665756748795316958,119N12426
3667691721756695197,119-04454
3668271400609331261,119N04573
3668167973501111285,119N04576
3662163029399905602,119N04466
3657897804752064060,119-07045
3662326598934407740,119P04466
3663806941019552883,119P05921
3673212743303067333,119P17285
3657065568938760505,119P08548
3665642180543369942,119N04598
3672488942529365009,119N04386
3664895277141769178,119P05954
3671699231188588485,119N08559
3664894886299741040,119+05953
3672500156688944709,119N04386
3664562606150900912,119N04654
3666961268078747944,119P04424
3668325349692545676,119N04600
3670961050860013439,119N06950
3677124084119403968,119N05907
3679859505840559538,119-07042
3670512153764085651,119P14251
3677078892473385681,119P05907
3671225238597195515,119P04569
3668476764471027004,119P05917
3670639104409625141,119+12929
3670963876948466404,119N04632
3663344089569982697,119N04658
3668570892974581979,119-05957
3660920851844402466,119P07115
3664368065611778664,119N05921
3667574099780722687,119-06947
3670907071710885444,119N04631
3666525363259475061,119N04574
3661215258968913720,119+04561
3672954486919867472,119-05899
3676874387605821756,119N05907
3661333568137282490,119N05951
3668370030238303216,119N17241
3670116424067372618,119P14248
3676879331115048796,119+04392
3669834322026043358,119N07147
3668702744175403332,119P05917
3669229826856935909,119P05917
3669736667354025780,119P14248
3665049578134451738,119-07008
3664810468715142275,119P07008
3669466599811713405,119-04419
3676626202921007355,119P12929
3658507462475491332,119+04461
3671855134206428220,119+05915
3664065695619188873,119N04558
3674416128713219841,119N04438
3681611942691647097,119N07043
3666458735430711795,119P04597
3681443494074299797,119N07043
3673161925249431660,119+04682
3672224247990043823,119N09647
3649817639827380368,119N04666
3664579781729671943,119P05921
3668586204532393848,119+17251
3664158320883309674,119P05953
3669037244816195800,119N04453
3676680319508699534,119-05908
3667120559825970075,119P04474
3670743665389818170,119+05916
3651321127489101951,119N04667
3672295870860330144,119-05043
3680239838079528574,119N07043
3664962828387961022,119P05920
3655397296267484425,119N04459
3667164265413172051,119N04474
3670966917785333235,119N06951
3655564748449588612,119-07006
3672694761656688980,119N04682
3673312932005220966,119P04388
3671727547907629178,119-05914
3662806784866737685,119P04404
3670640873935918372,119N16920
3664299225876016188,119P05921
3684652057982724885,119+09614
3668326844341197451,119-04600
3663466165425362524,119-04657
3666987695013493075,119P04550
3679723565830072761,119-14286
3668125981605835887,119N04545
3668212903154644097,119-04579
3651337577213853961,119-04666
3677340546175738131,119N14307
3671675488609231302,119P14319
3664530350951059044,119P05920
3664813470897283336,119-07007
3663841373772348670,119N05921
3665048177975112895,119+07009
3668521526619884645,119-04581
3669681850686430564,119N14248
3679311588272657144,119P07042
3659304655650778997,119P05951
3663388426517446945,119N07110
3666189067319776025,119N07111
3674628733889355325,119P04440
3674052237611053961,119N17278
3670981086882445466,119N04632
3666919314838194910,119-05922
3663360178517759961,119P04661
3672603781364923685,119P04386
3670095997205095752,119P07137
3668561070384156840,119N05917
3667753912883147614,119N04471
3649842378840097160,119+04459
3663322580377773097,119P05921
3661452109234650881,119N05951
3664717912172874205,119P05920
3676135215144945683,119-05909
3663742701189628681,119P12988
3671498875258044579,119P04385
3668409866059216600,119P17205
3670100854809975026,119N06950
3666975265377173272,119P04424
3668589236779272704,119+17251
3676272692750247624,119-05983
3664914634559933473,119P05920
3675731848996576000,119N05900
3680120910435103280,119N07043
3660115339315297845,119+04671
3679879301342475995,119N05875
3647656257665043947,119-05642
3670927511460251780,119N04631
3678416422597370996,119+17113
3669607882760763716,119P04718
3668222326312271230,119N04577
3672402922922841780,119+17017
3673399398282051773,119N05043
3676162896210027274,119P07266
3648039974338242760,119-05643
3668407439401960585,119+17485
3669448767107508636,119N04420
3650477595913270262,119-05037
3673392912883399423,119-04640
3664990986190643300,119-12421
3650340371708146881,119+04459
3688150566542129424,119N04430
3666852059944906570,119-04415
3668814366078510820,119P16509
3670163849098441536,119+12929
3677384114323990886,119P05906
3658740245405244693,119N17472
3680591625965473457,119+14288
3668737456099221649,119-04369
3672515549851766098,119N17285
3664926411357505240,119N04410
3671689649116552804,119P08559
3669672784009511452,119P06950
3671411541393600879,119+04569
3671837254253974885,119-04618
3665805805914093303,119P05917
3669902410143900951,119P17517
3668266555884512567,119P14377
3676427582158537405,119+05910
3663388125869699530,119-04658
3670765604081095682,119-16919
3669822467917872593,119P17205
3672275100398474076,119-05043
3668378843510819621,119P04579
3670749025507399448,119+04680
3679322003568352240,119N07042
3676667065239866605,119P05909
3664183167269688120,119P05921
3652288328352358672,119-10219
3666445902068423909,119N04597
3670800384726434927,119P17219
3662993603062487398,119+17342
3658430853143990944,119N14054
3661241930715074560,119P14313
3672788520791233605,119N14197
3655731156958825869,119N04669
3651737812329180630,119+10220
3668362784628231327,119+04580
3654325036207140080,119P04459
3664562734999178629,119-04651
3677150365024097486,119N05907
3668489924250435640,119P04581
3670896501799324952,119-16919
3672910394783171948,119N14197
3666300452999776557,119N07010
3658602630360818055,119N14054
3655797286571738639,119-04676
3671676407732379097,119P08559
3668157553910443969,119-04546
3678279864112691178,119P06998
3674674432341374704,119-04438
3668840333450678476,119+16914
3675775047777632225,119P05910
3661530475208939858,119P05921
3664994916085742430,119P13003
3685875479416966135,119-09613
3663138158777099117,119N05921
3662847260641803261,119-05921
3661319742636157121,119+04462
3670117003889887737,119-12928
3678152934943333214,119N11392
3661147557399328132,119+04561
3663355995219344584,119N04658
3655803922296279065,119P05970
3672262151074380020,119N12984
3672609536619662572,119P04443
3673119881815473406,119+17268
3667428899824506070,119-04573
3671427471426736184,119N17200
3666142028836058840,119-10418
3668515337570842958,119-04373
3663092163972074765,119-04557
3670631931814015585,119-04679
3668327634615153337,119N07153
3665312932647057756,119-05921
3672212436829059043,119N16919
3672490750710581565,119N04386
3666301698540287959,119P07010
3659399875073346293,119P04674
3669781979262027912,119N04573
3682234274860465009,119N05876
3647591682831736614,119N05642
3684596051609188195,119-07043
3668361032281425205,119+04552
3672159716104411115,119+12985
3672554569629675298,119N09646
3677537320102128491,119+14306
3657034512030258071,119N08548
3665756104550328275,119P14376
3651995660692867320,119N04668
3669103374427611215,119N12726
3669360247831554537,119P16784
3670500089203813336,119P17226
3676524102959773029,119+05942
3668584224552897112,119P05957
3664708334392843940,119P07008
3671590856277322282,119N04681
3669233348728068633,119N04377
3670493440594444770,119N17226
3677912665883968957,119+05904
3681147326014462019,119P07043
3656056758430685760,119N04675
3666585209333793896,119+04574
3661521537381970413,119P04560
3672497888945783553,119P04682
3671552622478794253,119N17200
3664904700297616645,119P07008
3649095161903539860,119N04665
3671836176220822580,119P08559
3672164462045495680,119-17268
3668335494405651514,119+04550
3664771083867989577,119N05920
3680518989477905180,119N04434
3666545510951598113,119N05917
3672631475312810175,119P14281
3664703554092929558,119P04655
3662793595022179644,119N04404
3663367827854324679,119-07110
3668878528594833381,119N04425
3659144513499247313,119N14054
3664963240701925110,119-07008
3668147203038234134,119-04721
3670962579868321620,119-04631
3665798637612814279,119P04552
3668218224618465135,119P04576
3661151972625695225,119+04561
3670624772103535547,119N16920
3664994185943812960,119P04556
3676505853642478822,119N05909
3660870128279737274,119P04462
3666289290379759826,119P07010
3661250735398102940,119+04561
3669724860491091261,119P17205
3664807569615176865,119N05920
3669649359257886734,119-06949
3664755278388348102,119N05920
3668492801877699650,119N17205
3669629804274913887,119-04381
3674133734615495247,119P04389
3680814440279217730,119P07043
3668453159329124415,119N04372
3668523704167391315,119N17205
3677155304236488236,119P05907
3670641045734840839,119N04682
3670512828076855457,119-17268
3672504898332413204,119N04682
3674056566938085805,119-05899
3671048513573767603,119-04630
3676887530205747950,119+05908
3658635744558654280,119N14054
3668756298120727750,119-16509
3667852984895337350,119N04573
3672571753792372260,119P14229
3667271171444655390,119P17204
3668958509477373191,119P04571
3666661002620571246,119-12952
3672052449298294650,119-05939
3650374289064884975,119+04459
3664991093564768120,119N13962
3666992011456721540,119N05917
3663141964118126411,119P05921
3668327501472092977,119+04581
3663341138927467412,119P13864
3666797299112231527,119N04467
3664971229341032725,119-07008
3668004893592721883,119N17204
3665854051281182149,119-04573
3668470493817286816,119-13795
3667118180414627417,119P17205
3670812685512785522,119P07137
3671837649394432983,119P17270
3663211572652859537,119P05920
3667296997084412951,119P05917
3661896384945368491,119N04463
3670897987855200425,119N06951
3673433130959335725,119+04682
3672346538592148848,119N14229
3676669002270101974,119P05909
3652241822446442576,119+10220
3657066007025431767,119P08548
3685229224276723552,119N04431
3666749874083327834,119+04469
3671598209261331917,119N04681
3668891374842024890,119+04427
3675755226503565570,119N17299
3664581765999981377,119N04654
3671770720919181060,119+05915
3672551889570058605,119N04386
3650711091810322629,119+04459
3668058580681677058,119-06947
3664578390155699295,119N04654
3658657051891445737,119+04461
3662037131025030248,119P05952
3668845891139083522,119N17205
3663057580893363619,119+04466
3675791218330025562,119-07135
3664572312776702962,119N04653
3663388405042585260,119-04658
3657197140967280575,119-07045
3671680724172163279,119+16931
3672300676932441335,119P04682
3662992688234751664,119+04477
3670202546750647014,119P04632
3668823132106657838,119+16914
3668871776906151022,119+04454
3656099665153958942,119P07045
3669401943371833998,119+06950
3672532003871466140,119P04386
3665723699021906792,119N04607
3662852745313060376,119+04588
3665662332529924938,119N04598
3673360906789933219,119P04388
3667809064560278027,119P05917
3664803188748552650,119P05921
3666916613303359021,119+04415
3667836058425356870,119P16836
3672490179479922864,119N04386
3662010626780394617,119P04588
3670927442740921900,119N06950
3678148081630277313,119N11392
3670652882664521846,119N17219
3667788607631043743,119N05917
3662077173005125950,119N05952
3670992880862636930,119P06951
3669021679856356617,119-04571
3665779907259093115,119N04723
3662878532296703887,119-04587
3679252626960986643,119+07103
3664695204680792622,119N04558
3661641152218797093,119N04463
3670794947297845176,119P17219
3671028078119627665,119N06951
3668369020920007960,119N04600
3658538467844512345,119P14054
3671752789430655250,119N17270
3668352614145301993,119+04550
3668360847596619165,119P04690
3671968401079104698,119N04629
3671061596044582007,119-04633
3680055498083182679,119N07105
3670742501452079000,119+04680
3677404214770853140,119+05906
3678109508530025399,119N16943
3662962546153980813,119+17342
3667228698512554572,119N14040
3668895927508893638,119-17319
3669852708784007465,119P05917
3667202378953486955,119P17205
3665076563416363315,119P05954
3665523188475521898,119N05953
3671654073902293827,119N17270
3655391755759880310,119P14029
3668349135221808815,119P04550
3671382936910518275,119-04680
3674731581176222636,119P04440
3673009793212842391,119+04682
3668905032838756045,119P17205
3673123983508920409,119P17285
3664994529538652747,119-04408
3664993434322041675,119P04409
3668295014338105745,119+05924
3677103008714692395,119P07040
3667823839243398430,119N16836
3679310385681813460,119P07042
3663251717712362155,119N05921
3676590185325255134,119P12929
3665004480980426891,119P04556
3680266015905196265,119+16950
3668900673446218450,119+16914
3669117655193850995,119-04610
3664990917471178389,119N04409
3655129513645037327,119N04669
3667730973463720836,119N17197
3670621044072144360,119+12929
3670303873619086927,119N06950
3649933174448737582,119-05037
3647791570610817262,119-05037
3667875791170772485,119P17204
3664836908535097965,119N04592
3661021603186329716,119P04462
3664199921934351829,119-07008
3650259012142654701,119+04459
3652460960271049269,119-05038
3668559446886400264,119P05956
3668591143745589840,119-05958
3686551764964730175,119-08557
3655024918308402714,119P08606
3664954603525570195,119P05920
3662806497105203364,119+04467
3682226818797241240,119N05876
3659682127438563847,119N04400
3665257527566015464,119P07008
3682011872865322020,119P04433
3670802961706883188,119N04382
3671768423111551924,119P17270
3656852040344828024,119N08549
3668540274152309676,119P17251
3669363765409781087,119N07053
3665453734558312770,119-04592
3669070775625899985,119-04423
3669714823151220125,119+07014
3668565021753965095,119P05956
3676662838992049910,119N12929
3668421483946540980,119N04581
3652413492289305882,119-10219
3664962398888454241,119+07009
3672362236698717773,119P17219
3673208633018776690,119N04681
3664437493757117465,119+05951
3664888985013156489,119P04588
3665701335128603025,119N17325
3664180899526938474,119P04558
3668573972465439435,119P04581
3673358870975689251,119N17267
3670678480669546772,119P16920
3663301401890197243,119N12417
3657075039340617092,119P05966
3669893957647147736,119N14402
3670495953150348965,119N17273
3670178950200319908,119N06950
3672723756979393820,119N04677
3668562079701479410,119N05957
3668740870598773691,119N17205
3668323773440419640,119P04580
3670173783354647661,119P06951
3668252833464964929,119N04577
3664158814804546305,119N05953
3670078203155589995,119+12929
3675855432386069715,119+07266
3668075584459438210,119N17204
3668295873332982172,119P04581
3660949486391666745,119N05951
3664986240251855485,119-04409
3664992141539724540,119N05920
3673434758747786984,119N05043
3664950841134236528,119N05920
3668854768835818501,119P04428
3664698498917996555,119N13004
3671111400485429147,119P04634
3664975180711128159,119N04410
3676673378839067852,119-05981
3680589779129537258,119-16952
3668263901595680110,119P04577
3670936036970475315,119N06951
3664956798250917150,119P07008
3667624600008704818,119N17197
3670675770545245139,119P17219
3655336148818279264,119N14029
3665782063331950231,119P07009
3670665776156292330,119P16920
3670900397334663051,119+16920
3667104217475411005,119P04474
3663374553773116490,119-07110
3671953390171820496,119-04681
3674495207650372104,119P17035
3666523005322435883,119N05955
3679289018219516885,119P07042
3649890203299854260,119N04666
3665725210851946610,119N04552
3668711003397481664,119N05917
3676279985604694260,119-05983
3664800074897246605,119P05920
3669798983037557595,119P17319
3672336402470413964,119P17219
3671406808339636470,119P04569
3669602879122757720,119P14248
3668547133215132125,119+05956
3662375763427416721,119N05921
3670678197201775173,119N17219
3673266099681809890,119P04388
3656080281966573030,119N04675
3669079876661552319,119N04724
3662234476179434179,119P04403
3664941692850932000,119N07023
3672544523696790505,119-05043
3655968917759612946,119-04675
3665008479594949690,119P04556
3672340061782548990,119P04682
3662252454912535321,119P13882
3668331319697941029,119P04580
3671248216671633634,119+12929
3672783774853373260,119N14223
3669687610237570402,119P14248
3664991961148145371,119-04407
3654634578795141799,119P04459
3670224485444703649,119N17035
3665900372504011027,119P05917
3666213905112868366,119-06947
3672173524426492815,119+04568
3670341501832088053,119N05917
3678117711917414750,119-06997
3654630292417781398,119N04459
3668296569116077154,119+04687
3671746991223848873,119+09646
3664366231660745809,119P05921
3658541620347642885,119N05962
3677291630793201794,119N14307
3669625857200837790,119+04573
3671292562207844735,119N04445
3674437186937871730,119N04438
3670819823748483940,119P07137
3667073242171145201,119+04456
3668934195665967201,119P04427
3668744319458814516,119N05917
3672554724248456360,119P04386
3665937356464775901,119P10414
3681875662271779808,119P14087
3662874181494829248,119+04588
3662627469983408174,119-04466
3669317628872858969,119-17319
3686290381845020730,119N08558
3666956440536203579,119P17205
3679861743518329715,119+16950
3667191121843666594,119P04474
3668528012020678523,119N17251
3670769997832639874,119+16920
3671327029322119640,119+04570
3655307252278335105,119P05971
3658082385265212107,119P04670
3664405599328665867,119-09640
3672344313800175076,119N04682
3657086700176851135,119-04669
3675829868737183344,119N05874
3661539803877905060,119P04560
3661113816136234529,119+04561
3668528235357875850,119N17205
3668857590629286646,119P07151
3665780444129989550,119N04421
3669039727304935536,119+06950
3668561899312450589,119+17251
3670536089619028295,119+12929
3676583124399021390,119P12929
3676516896004651230,119+05942
3672585626538139824,119P04386
3677188358304787145,119P05907
3680135027992130243,119+16949
3664961982276627399,119-07008
3661008885789372819,119P05951
3671867271783899732,119P17270
3674047882514215579,119+17267
3667184692277481831,119P04424
3679339144782829310,119N07042
3676578906741154161,119N05909
3663141087944798934,119P05921
3649194946878738317,119N04665
3668436451907568365,119P04581
3672437544655719170,119P17285
3656764818149008610,119N08549
3680550252544849282,119-14289
3679288064736776291,119P07042
3665006813144354005,119P12417
3666681433781087783,119+05954
3671682828708320629,119N14319
3671667581574584139,119N05915
3669827231034989818,119-07146
3670697430065511280,119+12929
3684519300543606710,119+09614
3670955312783552247,119P04631
3669099904094119507,119P04424
3668933164875349517,119-17319
3658373871812834103,119P14054
3659340574461338184,119+07048
3672290124196388053,119P12984
3669246718961159367,119P04454
3680903496425748337,119+14288
3670497306065050765,119N17273
3672535091952939630,119P04386
3680079141877829929,119+16950
3672208030191401240,119P14197
3669413342217550675,119-13791
3684999434937625109,119-07043
3671367380537120187,119N17035
3673455688123422851,119N05043
3672459710981559830,119N04382
3674104704931553165,119P04570
3676317506438976045,119N05983
3655796612261747542,119N04676
3668552437499827270,119-05956
3659560214794852905,119P05951
3670500458571053566,119N17278
3673121058635610340,119+04682
3661472033584758177,119+04671
3676692319647324435,119+16497
3664580735211839957,119P05953
3666194908473418774,119-10418
3667541299115453846,119+17162
3665772992363406340,119-04573
3675095008425024065,119+12929
3670796600860253900,119N17219
3671555242409388350,119+04569
3663887540375804755,119P05921
3668458317584826284,119-13793
3671154019446123482,119-04635
3672544158628911710,119P04386
3669126846423850920,119-04421
3661050993645919886,119N04674
3669839033606731736,119P17205
3662866807037982934,119+17342
3664456271354136233,119+05951
3670493225846063925,119N17226
3668031324819203039,119+17162
3677367857872750465,119P14307
3661003173482867675,119P07115
3670503778580757163,119P17226
3681613153872425640,119N07043
3665007307065543756,119+12417
3676591366441264468,119N05909
3670659226331167205,119P04679
3669614080398635616,119P13036
3672497197456121922,119P07137
3673446986521669710,119P04641
3679540492849663873,119N07042
3656582668586028600,119P07045
3664531282953524013,119N04651
3668465958332917575,119N04581
3671849542159016787,119N05915
3678038001619517680,119P16976
3650348699648655807,119-04666
3666986385047520682,119+04425
3679520907798731816,119-07041
3664997514540870375,119P12421
3663909165536073023,119P05921
3684069114953987499,119-05877
3666119703597938847,119N17325
3649976373228726084,119N04667
3666989408704550517,119P16751
3671684864521897231,119N16924
3672830267874330293,119P14223
3654989768295994499,119+08606
3662842510407983880,119N04557
3650446294191605965,119+04459
3670988113448938782,119N06951
3678986003981063865,119+16948
3662593612756213829,119-04466
3663392584045697290,119-07109
3656956060156734225,119P04670
3660956654692081733,119P07115
3663043355963976291,119N05921
3668154332684973009,119-04546
3664989654750809535,119N04409
3686394006523635497,119+09614
3670947096511928300,119N04640
3664748599714204050,119P05920
3670020946946567601,119P17205
3652245559070016693,119N04668
3669518654815300347,119N04609
3663693223170365799,119P05921
3672175976852616276,119N09647
3668164825291351244,119P05917
3671879662764103585,119P17298
3668480196148681245,119P17205
3670960518284012115,119-04631
3668600785946961993,119+05958
3656574881810323041,119-08549
3660988729507685720,119P07115
3670191856578191725,119N04644
3666014884922046909,119N05917
3671752282624453526,119N17270
3647794285030147252,119+05038
3668871214265436067,119N04688
3671489873006253515,119P04681
3662006791374625468,119N04588
3665000606917425092,119P04409
3662993998199797055,119N05921
3670648347179013740,119P17219
3669599915595324670,119N14248
3664367030524659404,119N05920
3662300167705661405,119N04466
3672997685700599670,119N17285
3668233415916772278,119N04419
3665976475026628442,119+10418
3677335924791009538,119P16981
3676887014809663945,119N05907
3654323962465317239,119-05038
3668426869835524694,119P04581
3665042585927679378,119N07023
3668576381942510159,119+05957
3672420772808432457,119P17285
3671981071236836128,119-09647
3655679363949797573,119N04459
3663825241874100727,119N05952
3672189729336965266,119-14144
3650548484348485450,119+04459
3666646270883827519,119N04574
3668122116135226421,119-04544
3670453901125584404,119P04570
3650146320790739301,119+04459
3661383114881035470,119P05921
3663378913164950057,119N04402
3667120985027714716,119N16496
3669721974273056057,119P04543
3668624004538652567,119N04546
3665844623825958893,119-13034
3658703579272132143,119P14054
3665697293564524550,119N04552
3665698612119480629,119N05952
3671088027276375692,119N17200
3652511503446189571,119+04459
3668313933669739614,119+04548
3670632782217543866,119P17219
3679012860412321506,119N07042
3669617808429943889,119N13029
3682386570105815929,119N05876
3672500590480671620,119N17285
3663180910880792539,119+05952
3670486912244139062,119P04569
3668882634583607525,119-04427
3672794065596032751,119P17285
3669736882102391770,119N14248
3670894148154439508,119-06950
3671550990391217264,119N17200
3654999857174540020,119+08607
3680047466494342135,119N07043
3662872966019085850,119P04466
3681160666182891589,119N07043
3663665628005597197,119P05921
3665696039434088268,119N04552
3671673117787399011,119P05915
3670443507304725679,119P04570
3663048479856350878,119P04404
3668363738110841165,119P04579
3671669991051198529,119-17270
3657060827294849169,119P08548
3664258758693526520,119P05953
3664994014142617950,119P13003
3679020209101362525,119P07042
3672265020113949783,119N17219
3650950467516493222,119-04666
3667788891094544236,119P16836
3666091743361812285,119P05917
3670492276658327924,119N17226
3676704160869667567,119-05981
3671860885167674927,119N08559
3681514842071018015,119N07105
3667879313043282185,119N04686
3671434184461863360,119+05916
3686220013100843429,119N08558
3670115865721625358,119N14251
3655495367550875697,119N04459
3664830998660099475,119+04599
3671441417185554593,119N17200
3676733899225667115,119P05908
3662439088422845705,119N04466
3665713000258379616,119N04607
3658491609748432746,119N05962
3666342913046471340,119-07010
3665661791365685224,119P05917
3665793638270092829,119N04598
3652730838834859734,119-04667
3672473777000225645,119+04568
3655019669858175148,119+08605
3664411187081117535,119N04586
3657077251247827340,119P07006
3661234435997107580,119P14313
3654210369170270548,119-05038
3658502089471408541,119N14054
3668460435003746478,119-04372
3661049829711400125,119P04462
3663423748328365456,119-04657
3668083100653142564,119-04572
3670607295881836544,119N04682
3663198825187900966,119-04462
3668431727443547945,119N04581
3668326908765697540,119-05928
3668364511204921865,119+04552
3677918279406195490,119-14304
3667150753446056905,119P04474
3674049630565903535,119N17278
3670737437685641660,119-04679
3674074129059347191,119N04568
3680594366153956633,119P04434
3657008767995263995,119P04670
3668330623912698710,119+04549
3670085148118484704,119+17319
3662694939624653950,119-04466
3669064749786765077,119N14048
3671500292597243420,119P17200
3672281985234469634,119P16919
3672720875057320480,119P14223
3668412644902462401,119N14143
3668584237437746714,119P05957
3671012165265796140,119N06951
3666995614933187301,119P17197
3660604510323152823,119N05951
3672465191360201793,119P17285
3664990707017788290,119N04409
3665688214002112043,119-09640
3669558134154510774,119-04414
3671666494947713755,119P17270
3672728700487718233,119-07033
3668886371205157555,119-04473
3670635488044004775,119-06950
3682573499967439552,119N05876
3664139246934118615,119+05921
3680240138727236900,119N07105
3658437145271059240,119N14054
3666145323075973535,119+07010
3671872511644000075,119P14319
3666993222635451603,119P04472
3669811258051890122,119P07012
3668953329746820690,119P04571
3685084131691536275,119N04431
3668571206506947015,119+05957
3669949032013903127,119-12928
3664617689105175562,119N05697
3677388392111240851,119P05905
3672224424082808465,119N16919
3667996694500156847,119+04602
3670615267341846240,119P17267
3658414678297206464,119-07114
3656620782124580706,119-04669
3668855915592091429,119P13792
3648103582803896485,119-05643
3667702532191457200,119N05917
3661627176395212002,119P04463
3663313522288047732,119N13882
3667161727087518330,119P16509
3668281017040361590,119P04577
3666561239121296801,119N04574
3675285928309325445,119N05872
3655875527990773104,119+09639
3676883145044564971,119P12929
3650184631899024774,119-05037
3668747729660989652,119+04370
3670649000014041473,119N04679
3677944156584119557,119N04709
3670970143308707248,119-04679
3668305987979358884,119P04686
3685533033083369316,119N04431
3677067927421878872,119N05907
3664388874728326630,119N05920
3664990256046226285,119N04409
3670973613639326046,119N04632
3676704362735695031,119P16497
3655730212066025811,119N04669
3678396201891830350,119N06998
3669687137794747022,119P05917
3670163737429293085,119+12929
3671783597230811191,119P05914
3668154551728313679,119N17205
3687979085679036113,119N09615
3658899511385044978,119P14054
3667230158801431565,119+04368
3666760074630660272,119+04468
3658543514430985027,119N14054
3664980704039010876,119-04409
3668137277369701873,119N04602
3660903294018398056,119N05951
3668884094872452154,119N04425
3661271767852879880,119P14313
3670908991561270002,119N04631
3667659342000342976,119P05917
3668761580930502061,119+13793
3677909530557844567,119N16938
3679536150637663695,119-07041
3665578692335510226,119-17396
3667166537450874380,119P14040
3664064969769131240,119P05953
3671658695287249233,119N08559
3675813994541060038,119P05910
3672826647215895269,119N14197
3657199799552035169,119+09639
3662161152497761977,119N12418
3671516909825718850,119N17200
3663492893010900031,119N05921
3664834928554121560,119+07009
3678218536273759030,119-11391
3666222095616408375,119-10418
3668316837066749955,119P04686
3668561950852446960,119N05957
3650436029219768020,119+04459
3669700568156943990,119-04572
3665813949169161423,119N07009
3677947450824049394,119+05904
3678187367697012898,119P06998
3667268886522057513,119P17204
3665494648417874066,119N05954
3668543740187421592,119+17162
3668167402267279436,119N06949
3681141489153915382,119-16949
3664990857341602631,119-04408
3665900488468121190,119P05917
3669099057985486980,119-04422
3672510679358808654,119-07138
3665566271292483189,119N05954
3668148908141294426,119-04595
3664462322964056679,119-05920
3664998072886678225,119+04409
3667623539151783694,119N17197
3668886822176699380,119N07151
3668203041909076455,119P04576
3666359143727883519,119P07010
3672587756839994823,119N14197
3664893791081558915,119N04466
3670098273537764398,119+12929
3667280886662082477,119N05917
3677317580985714679,119-05906
3663020687126248178,119P04557
3666664326925261056,119N04373
3664251839501216403,119+05953
3667914033556573868,119P16836
3662274247579516980,119N05952
3663008747117214753,119-04557
3671719804081336995,119+04570
3671334889109500257,119P17035
3663290458317192296,119P05920
3667740362261322902,119-04454
3675777075002198322,119P05910
3655213067940523603,119N14029
3656123983258799040,119N04675
3672548981877244113,119-04386
3668558837001070045,119P05956
3669632179390518775,119N09560
3664552512982304809,119-05919
3656843343036056824,119N08549
3667776787878964370,119-04685
3651446291426056310,119-04666
3668816870044349077,119N04475
3668257630942668790,119P04378
3677931443480957380,119+05904
3658875545467604179,119N14054
3662092548988043026,119N05952
3668401851651521274,119N05917
3649685741382810270,119-05037
3659710182164956177,119N04400
3672533511404988193,119P04386
3672458108958769710,119N04382
3665360207351483263,119N14312
3665000220370370925,119-07008
3659114491676244481,119+04671
3670614129174800180,119+12929
3665801966211098746,119+12427
3678174551514583683,119P14289
3668184242837238035,119-04595
3672795285366747400,119N17285
3669594160340277083,119-04416
3664999219642925646,119+13003
3668355925564734840,119N07153
3672489187342462892,119N04386
3669121421880255818,119+05923
3672959804084492816,119-05043
3660533836638050009,119P04561
3668343268296454173,119+04550
3658849462131186481,119P14054
3668405764366227785,119N04581
3669511611068947055,119-04418
3671817162396952925,119+04619
3672298928879272778,119N04677
3670491134197044988,119+04568
3671828028667860732,119N05915
3670570651220619199,119N04679
3669404894014368592,119-06949
3666985822406816515,119+04425
3668385921616300765,119N05928
3670631923224090371,119P17219
3663590393063375499,119P04558
3666790873840835986,119-12424
3661294436691105145,119+04561
3665720761264288489,119N04607
3672530925834633691,119+04386
3665700961465298161,119P07050
3655568815786455930,119N05970
3668531636971146566,119P04453
3669440907317357120,119N04420
3664885596285474959,119N05953
3662994273077371765,119-05921
3665777527846991452,119-04606
3662068673263442812,119N04463
3665811561167341405,119P07009
3672705610743464214,119N14223
3669593245511979203,119+10414
3677129856555280564,119P05907
3671987479328147342,119P04570
3665777738300675614,119-04724
3677174004526387460,119+04392
3670645203262960393,119-04679
3665506747339640243,119N04599
3673330734644033972,119N04681
3676649674917267450,119P05909
3667763224372330572,119N04473
3655012089241789692,119+08610
3668133527862646646,119-04472
3670999323313602868,119N04632
3663034650061637113,119P04662
3672293328239654927,119-05043
3671934230323168804,119P17200
3674088671818624695,119P05899
3668415578364872700,119N04451
3669640601823566887,119+04573
3656836466793415262,119N08549
3662848300021907019,119-04587
3668102642753442949,119-04602
3676804027451994811,119N12929
3668108612758011451,119N04603
3669155725784123093,119+16914
3676664556978966930,119P12929
3669855629361758265,119N05917
3672309202442525250,119P17219
3673865788785767171,119+17267
3669113081053687165,119-04723
3687103758456593213,119-08557
3671970170609944323,119-17268
3673316479648198539,119N04388
3680120523888044130,119N07105
3664569048601819565,119N04654
3666830778381947068,119N16811
3670074702756985585,119+04679
3668889175818789062,119-07151
3668622771884757655,119+05959
3670801127755791744,119N04382
3664250701335448306,119N05921
3664580005066143639,119N04590
3666298223911746925,119N07010
3670633645505988213,119P17219
3664568533204736615,119-04650
3664997536015719495,119P04408
3658374833885543184,119N14054
3665782625972664946,119P07009
3674458300993785782,119N05043
3682373977261701606,119N05876
3669042287107849518,119-04471
3658127894737081420,119P07075
3672599980316918162,119N04677
3667767081250690354,119P16836
3671808924652859644,119+04390
3664947740164899189,119+07009
3678382071449423660,119P06998
3666127477488062551,119N04597
3668340974783107965,119P13792
3671680706994469902,119N17270
3672478961024993265,119N04382
3649019759457689487,119N04665
3678397889813707098,119+06999
3664907998835461247,119P04558
3668408813793016920,119-17319
3661869030298657157,119+04589
3666975119348356538,119-07151
3668360774583169157,119P17197
3676725837572356429,119P12929
3665779812769088649,119N07009
3661548183358094480,119N05952
3672680029918230760,119N14223
3652289268950198854,119-10219
3685136057846139280,119N04431
3670888946949995985,119N14252
3672281177779844010,119P14229
3666509605023370470,119P13798
3659013787579706980,119+07048
3669506714806232860,119-04418
3676526216082339600,119P12929
3681247445997099288,119P07043
3672577186927443825,119N09646
3655106501211977805,119N14029
3664315559634645063,119N04589
3665034086187409710,119-07008
3659336764825326429,119P14054
3672320760198448216,119N04441
3664987000463517591,119P04556
3665860064233488504,119-04649
3670371605256230806,119P04679
3668968186037869363,119N17205
3671769840450821845,119P17270
3675846537508801270,119+07266
3676715757284016241,119-16497
3668374668802584245,119+04552
3672873883268274855,119N17285
3664176703343903880,119P04558
3664455060173357990,119+05951
3660151803587766450,119+04671
3664564796583249455,119-04650
3668665266287081405,119-06947
3673510225618148934,119P05043
3672002473058939681,119P17226
3659520701092616880,119P04399
3669107604970392045,119N04422
3655634846612184314,119N04669
3657690332058769816,119+07075
3664994228890901744,119P07008
3668254946588652155,119-05928
3670921017469836064,119P06951
3670620253797939596,119N16920
3672223925865470990,119P16873
3674437049498917181,119N04438
3667338615316103485,119P17204
3667464672603927459,119+17162
3665281802723586950,119-04554
3648241580103116840,119-05643
3678188432848903475,119P06998
3675757696109758998,119N05900
3690788780268425532,119N05150
3674143694644654074,119+17267
3666247457398296735,119N07010
3676622895796190410,119N12929
3651414208020340140,119N04667
3667145973147337215,119+04456
3668685229294270941,119N06949
3680545605390237054,119N04434
3668561242182633639,119P17251
3670646521817903576,119P04679
3677923862863695329,119+05904
3667330373273364958,119N14143
3672262451723505520,119N04682
3676275840961261820,119-05983
3671274226993282100,119+04681
3677974741045193488,119-11392
3672634005047824757,119N14197
3678878011323335075,119+16948
3651448395960016070,119N04667
3669533622776323375,119N04418
3669845012199033081,119P14248
3664985669021234538,119-13003
3665304634770245308,119+17342
3665780723302852690,119N04610
3668341258252439883,119-04571
3669351945659783265,119N07053
3669578419285083770,119N04606
3662798555709403060,119P04404
3671214763171362354,119N17200
3665003007803458736,119+04661
3668527569634773540,119P06949
3662910577049666662,119-05921
3667764929475822920,119-04573
3669533472451255570,119P14248
3664133212505066513,119N05921
3678124888807772830,119N04627
3664843046045037298,119P05920
3668138269507295266,119N04576
3671160131184530684,119+04636
3684951546052272729,119+09614
3673406180035403614,119N05043
3665876926275067897,119-04415
3669680210008920830,119P14248
3666991710807909399,119P04550
3670591095264948051,119P04679
3672725882989188150,119P07034
3672206325089602734,119P16873
3668119814032697111,119N04543
3668094976236818541,119P17205
3672345709664545400,119N04682
3659735861774405372,119P04400
3672917176538083900,119-04681
3661073271644962799,119-14313
3668835879569654361,119N13792
3671501619741805504,119+04681
3676586087926459110,119N05909
3662157656397293993,119P05952
3670622238073052133,119+12929
3676149813736066953,119P04622
3661226975635905029,119N04674
3676146055642401732,119+05910
3661948212315671238,119P04588
3656451603364058002,119-08549
3665976200148724084,119-07009
3679911311736081058,119+07043
3664619475815589710,119P04590
3668866184860380967,119P04571
3658694705869597671,119N14054
3662845534062967317,119N04466
3668309587162576028,119P17204
3668671717327158768,119N06949
3657775956526569225,119P07074
3669125377545022112,119N04723
3670203358499462668,119N06950
3663615157844908005,119P05921
3668231916974992425,119N04572
3668659120192578373,119N05917
3671536460516854705,119N07138
3668827779262810677,119-17319
3672678075708115449,119N14223
3666984710010265479,119P04424
3669779767354416130,119P05917
3678128281830766413,119P05982
3664747006279629665,119N04598
3665050145073053374,119-05921
3668435988050298830,119N17205
3668536438746575695,119-17251
3674143084759309469,119P09648
3671472048892305744,119N17200
3663520221887680826,119P05920
3671009772969032457,119N04632
3666404004662443990,119P13797
3657030771113767673,119N08548
3669557300930728487,119N04647
3672523830548667853,119+04386
3655014429999073582,119+08610
3669541181918508180,119-04604
3676901080827558690,119+05908
3667155593874221653,119N16509
3665353846501720880,119P13864
3669557167786840606,119N04648
3670659277870824951,119N17219
3667168556086892390,119N04574
3666431702905399526,119-07010
3664715515581124175,119N04558
3668197402616266471,119N04425
3672945884097928224,119N05871
3665798349850851594,119N05917
3670626030529896446,119P04570
3664109555825215772,119P05921
3681516006007156302,119N07105
3663802092001382829,119P05921
3669523752942171278,119-13794
3680564133879164061,119P14290
3655178961605213535,119N14029
3662272851715141861,119N05952
3666191219095596475,119N16855
3681083223627564194,119P07043
3675729757347504568,119N17299
3667885433373778603,119P05917
3668510016107694728,119N17251
3664281758244021269,119N05921
3670989659637164185,119N04632
3672499963415447477,119N04386
3657048045471187150,119-04669
3650404869232043695,119-05037
3670947869605290645,119-04631
3677041818314918639,119+04438
3665783935938968103,119N04598
3665864088619754290,119-04573
3665760936388523803,119N07053
3669826780063451416,119N07147
3668650014857406706,119P06949
3668571099131498746,119N17205
3658526416166314831,119N14054
3660165611907662899,119P04674
3673056354953298003,119-04681
3664955767461349674,119P04556
3670709752326662719,119N04682
3655803243691472069,119P05970
3670983053977461433,119N06951
3665720464911548480,119-04607
3670965126783967820,119P06951
3673278907271498418,119P04619
3676655632036928511,119N12929
3664999099386405310,119P04556
3669850024426695695,119-13025
3670505874524823920,119N17281
3684728100378699865,119+09614
3647674137613894951,119-05642
3665857203785260200,119N16811
3671113612393679726,119-04634
3673211381798436505,119P17285
3672503012842191570,119N04386
3655796406103391756,119-04676
3666684036530187420,119P17517
3668753197156218706,119P05917
3670499273160006504,119+09648
3680816544813196285,119N07043
3674134018083333537,119-05900
3669419359466726484,119-13791
3670498766353935339,119N17278
3672083003693554982,119+12985
3678194110794789601,119P11392
3665725356879312058,119-04607
3668884017563094990,119-04474
3670182076936514117,119N06950
3669397704241709211,119-16496
3684534998649076125,119-07043
3663000071281301063,119+04465
3670452290509930895,119N04642
3659435587726412827,119N04674
3668360817533051395,119+04552
3670347454655381725,119+12929
3668877330299005245,119+13792
3677115421170179155,119N05907
3657038897190963450,119N05967
3666925422283233718,119-04574
3655857093991155615,119N04676
3666210808441450002,119-06947
3661107455285836965,119+04671
3669887145828577152,119N04645
3670634938291123819,119P17219
3663080296975397214,119N04466
3666142166277333090,119-04573
3664579347932349071,119-04650
3652241989950164934,119+10220
3676609731721441405,119P05909
3671726156338194415,119-05913
3650371132263929884,119-05037
3664435432173817915,119+05921
3667729599075378233,119N05957
3672447904116463245,119N04382
3670513571106199603,119+04568
3668563381076589182,119N05957
3671784370324954341,119+17269
3678050585873690390,119+04709
3667123519058414604,119N04428
3671006358470007198,119P04632
3672483556640135465,119N04384
3671192562485113694,119N04680
3665738718524076374,119N04552
3664083223380709619,119+05921
3681066881277011646,119N07043
3668120806170163689,119N04603
3668406464441933214,119P06949
3672711666646455894,119N04677
3670511926133745494,119P04570
3671037445443364012,119-04632
3665808404366377184,119P07147
3677819495158439218,119N16938
3657034172727850125,119N08548
3676329489397731964,119N05983
3670542081098404623,119+12929
3664184004788308905,119N05921
3665921112898623093,119P16811
3663505163732468445,119N05921
3676280135928546565,119P14100
3669569936725503965,119P04373
3672444889049814397,119N17285
3663534068858289527,119N04657
3667166301227705830,119P05924
3673320766023913586,119P14229
3672457486189269240,119-17268
3669681554337252280,119N05917
3668219272590483523,119P17205
3668884210836565874,119N04425
3673177150909083515,119P17285
3674024281668907461,119N17226
3665782157821233400,119N07009
3652563644347962000,119-04667
3671558201641324272,119P04385
3664997600440200805,119+04408
3668575501473777115,119-17319
3676719725833590050,119N05908
3675765328266641622,119N05910
3684653990718010710,119-07043
3668042049351778593,119P06949
3664999704973750292,119P04662
3673607790100297449,119P17267
3678059107087804248,119N04710
3655016074971617710,119+08610
3686231102706397085,119N08558
3669730577089454461,119-06949
3664987679065880320,119N13003
3679263888365236031,119-08626
3668200099856503110,119N04547
3675819114142589905,119P04391
3664560630465057665,119N04651
3671155411015578016,119N04636
3669764855225237079,119N07012
3672466037468379529,119P07137
3668553811889369695,119-05956
3668350080114714875,119+04579
3668662435902829773,119P06949
3668889442106733180,119P04425
3672269817591342084,119P14229
3670739877227063194,119-04679
3663404661493708490,119-04657
3665728775673284925,119-04608
3658378931284454798,119-07114
3664030232074211374,119+05921
3648626628216170268,119-04664
3671284547796411409,119N04630
3680129126706270705,119+06999
3668578636800350420,119+05957
3676687736917293061,119N16497
3666272333848880830,119N13015
3658739605457732997,119N14054
3661283055026916785,119P14313
3671747605404887801,119N05914
